2026-01-07T11:16:39.518Z CLI info [main]     Server listening on port: 5400
2026-01-07T11:16:40.119Z CLI info     Config : {"userName":"[REDACTED]","accessKey":"[REDACTED]","framework":"java-generic","platforms":[{"os":"Windows","osVersion":"10","browserName":"Chrome","browserVersion":"120.0"}],"buildName":"bstack-java-demo","buildIdentifier":"#${BUILD_NUMBER}","build_run_identifier":"Vanilla_java_build","projectName":"BrowserStack Vanilla JAVA Sample 2","testObservability":true,"debug":true,"networkLogs":true,"consoleLogs":"info"}
2026-01-07T11:16:40.138Z CLI info     Should start debug utility: undefined
2026-01-07T11:16:40.149Z CLI info [testhub:module]  [adarshsreeram_y1cpaK]   [5c3a2ab2-3288-472d-b39c-010ba765b036]  Starting testhub from 23253:0
2026-01-07T11:16:40.152Z CLI info  [adarshsreeram_y1cpaK]   [5c3a2ab2-3288-472d-b39c-010ba765b036]  [PRODUCTION] Making POST request to https://sdk.browserstack.com
2026-01-07T11:16:40.914Z CLI info [testhub:module]  [adarshsreeram_y1cpaK]   [5c3a2ab2-3288-472d-b39c-010ba765b036]  startBuild: response=hkzwjebmw5zx19fypz0sppotr5xqbigy0p4bxwid
2026-01-07T11:16:40.925Z CLI info  [adarshsreeram_y1cpaK]  [hkzwjebmw5zx19fypz0sppotr5xqbigy0p4bxwid]  [5c3a2ab2-3288-472d-b39c-010ba765b036]  [PRODUCTION] Making POST request to https://api.browserstack.com
2026-01-07T11:16:41.326Z CLI info  [adarshsreeram_y1cpaK]  [hkzwjebmw5zx19fypz0sppotr5xqbigy0p4bxwid]  [5c3a2ab2-3288-472d-b39c-010ba765b036]  [PRODUCTION] Making GET request to https://hub.browserstack.com
2026-01-07T11:16:41.631Z CLI info  [adarshsreeram_y1cpaK]  [hkzwjebmw5zx19fypz0sppotr5xqbigy0p4bxwid]  [5c3a2ab2-3288-472d-b39c-010ba765b036]  [PRODUCTION] Making GET request to https://hub-aps.browserstack.com
2026-01-07T11:16:41.835Z CLI info  [adarshsreeram_y1cpaK]  [hkzwjebmw5zx19fypz0sppotr5xqbigy0p4bxwid]  [5c3a2ab2-3288-472d-b39c-010ba765b036]  [PRODUCTION] Making GET request to https://hub-euw.browserstack.com
2026-01-07T11:16:42.711Z CLI info  [adarshsreeram_y1cpaK]  [hkzwjebmw5zx19fypz0sppotr5xqbigy0p4bxwid]  [5c3a2ab2-3288-472d-b39c-010ba765b036]  [PRODUCTION] Making GET request to https://hub-apse.browserstack.com
2026-01-07T11:16:51.950Z CLI info [testhub:request-queue-handler]  [adarshsreeram_y1cpaK]  [hkzwjebmw5zx19fypz0sppotr5xqbigy0p4bxwid]  [5c3a2ab2-3288-472d-b39c-010ba765b036]  Added the event {
  event_type: 'LogCreated',
  logs: [
    {
      testFrameworkName: 'java-generic',
      testFrameworkVersion: '18.0.2.1',
      testFrameworkState: 'LOG',
      timestamp: '2026-01-07T11:16:51.903Z',
      uuid: '9820d54d-9700-4382-9b75-c76756d60ab4',
      kind: 'TEST_LOG',
      message: '"Setting up ChromeDriver"',
      level: 'INFO',
      test_run_uuid: '9820d54d-9700-4382-9b75-c76756d60ab4'
    }
  ]
} to 23253:0
2026-01-07T11:16:52.028Z CLI info [testhub:request-queue-handler]  [adarshsreeram_y1cpaK]  [hkzwjebmw5zx19fypz0sppotr5xqbigy0p4bxwid]  [5c3a2ab2-3288-472d-b39c-010ba765b036]  Added the event {
  event_type: 'LogCreated',
  logs: [
    {
      testFrameworkName: 'java-generic',
      testFrameworkVersion: '18.0.2.1',
      testFrameworkState: 'LOG',
      timestamp: '2026-01-07T11:16:52.017Z',
      uuid: '9820d54d-9700-4382-9b75-c76756d60ab4',
      kind: 'TEST_LOG',
      message: '"SLF4J(W): No SLF4J providers were found."',
      level: 'ERROR',
      test_run_uuid: '9820d54d-9700-4382-9b75-c76756d60ab4'
    }
  ]
} to 23253:0
2026-01-07T11:16:52.054Z CLI info [testhub:request-queue-handler]  [adarshsreeram_y1cpaK]  [hkzwjebmw5zx19fypz0sppotr5xqbigy0p4bxwid]  [5c3a2ab2-3288-472d-b39c-010ba765b036]  Added the event {
  event_type: 'LogCreated',
  logs: [
    {
      testFrameworkName: 'java-generic',
      testFrameworkVersion: '18.0.2.1',
      testFrameworkState: 'LOG',
      timestamp: '2026-01-07T11:16:52.049Z',
      uuid: '9820d54d-9700-4382-9b75-c76756d60ab4',
      kind: 'TEST_LOG',
      message: '"SLF4J(W): Defaulting to no-operation (NOP) logger implementation"',
      level: 'ERROR',
      test_run_uuid: '9820d54d-9700-4382-9b75-c76756d60ab4'
    }
  ]
} to 23253:0
2026-01-07T11:16:52.087Z CLI info [testhub:request-queue-handler]  [adarshsreeram_y1cpaK]  [hkzwjebmw5zx19fypz0sppotr5xqbigy0p4bxwid]  [5c3a2ab2-3288-472d-b39c-010ba765b036]  Added the event {
  event_type: 'LogCreated',
  logs: [
    {
      testFrameworkName: 'java-generic',
      testFrameworkVersion: '18.0.2.1',
      testFrameworkState: 'LOG',
      timestamp: '2026-01-07T11:16:52.078Z',
      uuid: '9820d54d-9700-4382-9b75-c76756d60ab4',
      kind: 'TEST_LOG',
      message: '"SLF4J(W): See https://www.slf4j.org/codes.html#noProviders for further details."',
      level: 'ERROR',
      test_run_uuid: '9820d54d-9700-4382-9b75-c76756d60ab4'
    }
  ]
} to 23253:0
2026-01-07T11:16:52.927Z CLI info [testhub:request-queue-handler]  [adarshsreeram_y1cpaK]  [hkzwjebmw5zx19fypz0sppotr5xqbigy0p4bxwid]  [5c3a2ab2-3288-472d-b39c-010ba765b036]  Processing batch event [
  { event_type: 'LogCreated', logs: [ [Object] ] },
  { event_type: 'LogCreated', logs: [ [Object] ] },
  { event_type: 'LogCreated', logs: [ [Object] ] },
  { event_type: 'LogCreated', logs: [ [Object] ] }
] to 23253:0
2026-01-07T11:16:52.928Z CLI info  [adarshsreeram_y1cpaK]  [hkzwjebmw5zx19fypz0sppotr5xqbigy0p4bxwid]  [5c3a2ab2-3288-472d-b39c-010ba765b036]  [PRODUCTION] Making POST request to https://collector-observability.browserstack.com
2026-01-07T11:16:54.295Z CLI info [sdk:service]  [adarshsreeram_y1cpaK]  [hkzwjebmw5zx19fypz0sppotr5xqbigy0p4bxwid]  [5c3a2ab2-3288-472d-b39c-010ba765b036]  Driver initialized as primary driver: platformIndex=0
2026-01-07T11:16:56.731Z CLI info [testhub:request-queue-handler]  [adarshsreeram_y1cpaK]  [hkzwjebmw5zx19fypz0sppotr5xqbigy0p4bxwid]  [5c3a2ab2-3288-472d-b39c-010ba765b036]  Added the event {
  event_type: 'LogCreated',
  logs: [
    {
      testFrameworkName: 'java-generic',
      testFrameworkVersion: '18.0.2.1',
      testFrameworkState: 'LOG',
      timestamp: '2026-01-07T11:16:56.720Z',
      uuid: '9820d54d-9700-4382-9b75-c76756d60ab4',
      kind: 'TEST_LOG',
      message: `"Test failed with error: Could not start a new session. Possible causes are invalid address of the remote server or browser start-up failure. \\nHost info: host: 'Adarsh-RG9M5920FF', ip: '192.168.1.36'"`,
      level: 'ERROR',
      test_run_uuid: '9820d54d-9700-4382-9b75-c76756d60ab4'
    }
  ]
} to 23253:0
2026-01-07T11:16:56.755Z CLI info [testhub:request-queue-handler]  [adarshsreeram_y1cpaK]  [hkzwjebmw5zx19fypz0sppotr5xqbigy0p4bxwid]  [5c3a2ab2-3288-472d-b39c-010ba765b036]  Added the event {
  event_type: 'LogCreated',
  logs: [
    {
      testFrameworkName: 'java-generic',
      testFrameworkVersion: '18.0.2.1',
      testFrameworkState: 'LOG',
      timestamp: '2026-01-07T11:16:56.742Z',
      uuid: '9820d54d-9700-4382-9b75-c76756d60ab4',
      kind: 'TEST_LOG',
      message: `"org.openqa.selenium.SessionNotCreatedException: Could not start a new session. Possible causes are invalid address of the remote server or browser start-up failure. \\nHost info: host: 'Adarsh-RG9M5920FF', ip: '192.168.1.36'"`,
      level: 'ERROR',
      test_run_uuid: '9820d54d-9700-4382-9b75-c76756d60ab4'
    }
  ]
} to 23253:0
2026-01-07T11:16:56.780Z CLI info [testhub:request-queue-handler]  [adarshsreeram_y1cpaK]  [hkzwjebmw5zx19fypz0sppotr5xqbigy0p4bxwid]  [5c3a2ab2-3288-472d-b39c-010ba765b036]  Added the event {
  event_type: 'LogCreated',
  logs: [
    {
      testFrameworkName: 'java-generic',
      testFrameworkVersion: '18.0.2.1',
      testFrameworkState: 'LOG',
      timestamp: '2026-01-07T11:16:56.769Z',
      uuid: '9820d54d-9700-4382-9b75-c76756d60ab4',
      kind: 'TEST_LOG',
      message: '"\\tat org.openqa.selenium.remote.RemoteWebDriver.execute(RemoteWebDriver.java:575)"',
      level: 'ERROR',
      test_run_uuid: '9820d54d-9700-4382-9b75-c76756d60ab4'
    }
  ]
} to 23253:0
2026-01-07T11:16:56.807Z CLI info [testhub:request-queue-handler]  [adarshsreeram_y1cpaK]  [hkzwjebmw5zx19fypz0sppotr5xqbigy0p4bxwid]  [5c3a2ab2-3288-472d-b39c-010ba765b036]  Added the event {
  event_type: 'LogCreated',
  logs: [
    {
      testFrameworkName: 'java-generic',
      testFrameworkVersion: '18.0.2.1',
      testFrameworkState: 'LOG',
      timestamp: '2026-01-07T11:16:56.797Z',
      uuid: '9820d54d-9700-4382-9b75-c76756d60ab4',
      kind: 'TEST_LOG',
      message: '"\\tat org.openqa.selenium.remote.RemoteWebDriver.startSession(RemoteWebDriver.java:246)"',
      level: 'ERROR',
      test_run_uuid: '9820d54d-9700-4382-9b75-c76756d60ab4'
    }
  ]
} to 23253:0
2026-01-07T11:16:56.837Z CLI info [testhub:request-queue-handler]  [adarshsreeram_y1cpaK]  [hkzwjebmw5zx19fypz0sppotr5xqbigy0p4bxwid]  [5c3a2ab2-3288-472d-b39c-010ba765b036]  Added the event {
  event_type: 'LogCreated',
  logs: [
    {
      testFrameworkName: 'java-generic',
      testFrameworkVersion: '18.0.2.1',
      testFrameworkState: 'LOG',
      timestamp: '2026-01-07T11:16:56.822Z',
      uuid: '9820d54d-9700-4382-9b75-c76756d60ab4',
      kind: 'TEST_LOG',
      message: '"\\tat org.openqa.selenium.remote.RemoteWebDriver.<init>(RemoteWebDriver.java:174)"',
      level: 'ERROR',
      test_run_uuid: '9820d54d-9700-4382-9b75-c76756d60ab4'
    }
  ]
} to 23253:0
2026-01-07T11:16:56.859Z CLI info [testhub:request-queue-handler]  [adarshsreeram_y1cpaK]  [hkzwjebmw5zx19fypz0sppotr5xqbigy0p4bxwid]  [5c3a2ab2-3288-472d-b39c-010ba765b036]  Added the event {
  event_type: 'LogCreated',
  logs: [
    {
      testFrameworkName: 'java-generic',
      testFrameworkVersion: '18.0.2.1',
      testFrameworkState: 'LOG',
      timestamp: '2026-01-07T11:16:56.852Z',
      uuid: '9820d54d-9700-4382-9b75-c76756d60ab4',
      kind: 'TEST_LOG',
      message: '"\\tat org.openqa.selenium.chromium.ChromiumDriver.<init>(ChromiumDriver.java:99)"',
      level: 'ERROR',
      test_run_uuid: '9820d54d-9700-4382-9b75-c76756d60ab4'
    }
  ]
} to 23253:0
2026-01-07T11:16:56.903Z CLI info [testhub:request-queue-handler]  [adarshsreeram_y1cpaK]  [hkzwjebmw5zx19fypz0sppotr5xqbigy0p4bxwid]  [5c3a2ab2-3288-472d-b39c-010ba765b036]  Added the event {
  event_type: 'LogCreated',
  logs: [
    {
      testFrameworkName: 'java-generic',
      testFrameworkVersion: '18.0.2.1',
      testFrameworkState: 'LOG',
      timestamp: '2026-01-07T11:16:56.888Z',
      uuid: '9820d54d-9700-4382-9b75-c76756d60ab4',
      kind: 'TEST_LOG',
      message: '"\\tat org.openqa.selenium.chrome.ChromeDriver.<init>(ChromeDriver.java:88)"',
      level: 'ERROR',
      test_run_uuid: '9820d54d-9700-4382-9b75-c76756d60ab4'
    }
  ]
} to 23253:0
2026-01-07T11:16:56.936Z CLI info [testhub:request-queue-handler]  [adarshsreeram_y1cpaK]  [hkzwjebmw5zx19fypz0sppotr5xqbigy0p4bxwid]  [5c3a2ab2-3288-472d-b39c-010ba765b036]  Added the event {
  event_type: 'LogCreated',
  logs: [
    {
      testFrameworkName: 'java-generic',
      testFrameworkVersion: '18.0.2.1',
      testFrameworkState: 'LOG',
      timestamp: '2026-01-07T11:16:56.924Z',
      uuid: '9820d54d-9700-4382-9b75-c76756d60ab4',
      kind: 'TEST_LOG',
      message: '"\\tat org.openqa.selenium.chrome.ChromeDriver.<init>(ChromeDriver.java:83)"',
      level: 'ERROR',
      test_run_uuid: '9820d54d-9700-4382-9b75-c76756d60ab4'
    }
  ]
} to 23253:0
2026-01-07T11:16:56.938Z CLI info [testhub:request-queue-handler]  [adarshsreeram_y1cpaK]  [hkzwjebmw5zx19fypz0sppotr5xqbigy0p4bxwid]  [5c3a2ab2-3288-472d-b39c-010ba765b036]  Processing batch event [
  { event_type: 'LogCreated', logs: [ [Object] ] },
  { event_type: 'LogCreated', logs: [ [Object] ] },
  { event_type: 'LogCreated', logs: [ [Object] ] },
  { event_type: 'LogCreated', logs: [ [Object] ] },
  { event_type: 'LogCreated', logs: [ [Object] ] },
  { event_type: 'LogCreated', logs: [ [Object] ] },
  { event_type: 'LogCreated', logs: [ [Object] ] },
  { event_type: 'LogCreated', logs: [ [Object] ] }
] to 23253:0
2026-01-07T11:16:56.939Z CLI info  [adarshsreeram_y1cpaK]  [hkzwjebmw5zx19fypz0sppotr5xqbigy0p4bxwid]  [5c3a2ab2-3288-472d-b39c-010ba765b036]  [PRODUCTION] Making POST request to https://collector-observability.browserstack.com
2026-01-07T11:16:56.958Z CLI info [testhub:request-queue-handler]  [adarshsreeram_y1cpaK]  [hkzwjebmw5zx19fypz0sppotr5xqbigy0p4bxwid]  [5c3a2ab2-3288-472d-b39c-010ba765b036]  Added the event {
  event_type: 'LogCreated',
  logs: [
    {
      testFrameworkName: 'java-generic',
      testFrameworkVersion: '18.0.2.1',
      testFrameworkState: 'LOG',
      timestamp: '2026-01-07T11:16:56.953Z',
      uuid: '9820d54d-9700-4382-9b75-c76756d60ab4',
      kind: 'TEST_LOG',
      message: '"\\tat org.openqa.selenium.chrome.ChromeDriver.<init>(ChromeDriver.java:51)"',
      level: 'ERROR',
      test_run_uuid: '9820d54d-9700-4382-9b75-c76756d60ab4'
    }
  ]
} to 23253:0
2026-01-07T11:16:56.975Z CLI info [testhub:request-queue-handler]  [adarshsreeram_y1cpaK]  [hkzwjebmw5zx19fypz0sppotr5xqbigy0p4bxwid]  [5c3a2ab2-3288-472d-b39c-010ba765b036]  Added the event {
  event_type: 'LogCreated',
  logs: [
    {
      testFrameworkName: 'java-generic',
      testFrameworkVersion: '18.0.2.1',
      testFrameworkState: 'LOG',
      timestamp: '2026-01-07T11:16:56.964Z',
      uuid: '9820d54d-9700-4382-9b75-c76756d60ab4',
      kind: 'TEST_LOG',
      message: '"\\tat bstackDemoTest.main(bstackDemoTest.java:24)"',
      level: 'ERROR',
      test_run_uuid: '9820d54d-9700-4382-9b75-c76756d60ab4'
    }
  ]
} to 23253:0
2026-01-07T11:16:56.996Z CLI info [testhub:request-queue-handler]  [adarshsreeram_y1cpaK]  [hkzwjebmw5zx19fypz0sppotr5xqbigy0p4bxwid]  [5c3a2ab2-3288-472d-b39c-010ba765b036]  Added the event {
  event_type: 'LogCreated',
  logs: [
    {
      testFrameworkName: 'java-generic',
      testFrameworkVersion: '18.0.2.1',
      testFrameworkState: 'LOG',
      timestamp: '2026-01-07T11:16:56.992Z',
      uuid: '9820d54d-9700-4382-9b75-c76756d60ab4',
      kind: 'TEST_LOG',
      message: `"Caused by: org.openqa.selenium.WebDriverException: The property '#/firstMatch/0/bstack:options' contains additional properties [\\"build_run_identifier\\"] outside of the schema when none are allowed in the payload.\\nBuild info: version: '4.35.0', revision: '1c58e5028b'\\nSystem info: os.name: 'Mac OS X', os.arch: 'x86_64', os.version: '13.4', java.version: '18.0.2.1'\\nDriver info: driver.version: ChromeDriver\\nremote stacktrace: "`,
      level: 'ERROR',
      test_run_uuid: '9820d54d-9700-4382-9b75-c76756d60ab4'
    }
  ]
} to 23253:0
2026-01-07T11:16:57.018Z CLI info [testhub:request-queue-handler]  [adarshsreeram_y1cpaK]  [hkzwjebmw5zx19fypz0sppotr5xqbigy0p4bxwid]  [5c3a2ab2-3288-472d-b39c-010ba765b036]  Added the event {
  event_type: 'LogCreated',
  logs: [
    {
      testFrameworkName: 'java-generic',
      testFrameworkVersion: '18.0.2.1',
      testFrameworkState: 'LOG',
      timestamp: '2026-01-07T11:16:57.010Z',
      uuid: '9820d54d-9700-4382-9b75-c76756d60ab4',
      kind: 'TEST_LOG',
      message: '"\\tat java.base/jdk.internal.reflect.DirectConstructorHandleAccessor.newInstance(DirectConstructorHandleAccessor.java:67)"',
      level: 'ERROR',
      test_run_uuid: '9820d54d-9700-4382-9b75-c76756d60ab4'
    }
  ]
} to 23253:0
2026-01-07T11:16:57.032Z CLI info [testhub:request-queue-handler]  [adarshsreeram_y1cpaK]  [hkzwjebmw5zx19fypz0sppotr5xqbigy0p4bxwid]  [5c3a2ab2-3288-472d-b39c-010ba765b036]  Added the event {
  event_type: 'LogCreated',
  logs: [
    {
      testFrameworkName: 'java-generic',
      testFrameworkVersion: '18.0.2.1',
      testFrameworkState: 'LOG',
      timestamp: '2026-01-07T11:16:57.026Z',
      uuid: '9820d54d-9700-4382-9b75-c76756d60ab4',
      kind: 'TEST_LOG',
      message: '"\\tat java.base/java.lang.reflect.Constructor.newInstanceWithCaller(Constructor.java:499)"',
      level: 'ERROR',
      test_run_uuid: '9820d54d-9700-4382-9b75-c76756d60ab4'
    }
  ]
} to 23253:0
2026-01-07T11:16:57.042Z CLI info [testhub:request-queue-handler]  [adarshsreeram_y1cpaK]  [hkzwjebmw5zx19fypz0sppotr5xqbigy0p4bxwid]  [5c3a2ab2-3288-472d-b39c-010ba765b036]  Added the event {
  event_type: 'LogCreated',
  logs: [
    {
      testFrameworkName: 'java-generic',
      testFrameworkVersion: '18.0.2.1',
      testFrameworkState: 'LOG',
      timestamp: '2026-01-07T11:16:57.040Z',
      uuid: '9820d54d-9700-4382-9b75-c76756d60ab4',
      kind: 'TEST_LOG',
      message: '"\\tat java.base/java.lang.reflect.Constructor.newInstance(Constructor.java:483)"',
      level: 'ERROR',
      test_run_uuid: '9820d54d-9700-4382-9b75-c76756d60ab4'
    }
  ]
} to 23253:0
2026-01-07T11:16:57.055Z CLI info [testhub:request-queue-handler]  [adarshsreeram_y1cpaK]  [hkzwjebmw5zx19fypz0sppotr5xqbigy0p4bxwid]  [5c3a2ab2-3288-472d-b39c-010ba765b036]  Added the event {
  event_type: 'LogCreated',
  logs: [
    {
      testFrameworkName: 'java-generic',
      testFrameworkVersion: '18.0.2.1',
      testFrameworkState: 'LOG',
      timestamp: '2026-01-07T11:16:57.052Z',
      uuid: '9820d54d-9700-4382-9b75-c76756d60ab4',
      kind: 'TEST_LOG',
      message: '"\\tat org.openqa.selenium.remote.W3CHandshakeResponse.lambda$errorHandler$0(W3CHandshakeResponse.java:59)"',
      level: 'ERROR',
      test_run_uuid: '9820d54d-9700-4382-9b75-c76756d60ab4'
    }
  ]
} to 23253:0
2026-01-07T11:16:57.072Z CLI info [testhub:request-queue-handler]  [adarshsreeram_y1cpaK]  [hkzwjebmw5zx19fypz0sppotr5xqbigy0p4bxwid]  [5c3a2ab2-3288-472d-b39c-010ba765b036]  Added the event {
  event_type: 'LogCreated',
  logs: [
    {
      testFrameworkName: 'java-generic',
      testFrameworkVersion: '18.0.2.1',
      testFrameworkState: 'LOG',
      timestamp: '2026-01-07T11:16:57.065Z',
      uuid: '9820d54d-9700-4382-9b75-c76756d60ab4',
      kind: 'TEST_LOG',
      message: '"\\tat org.openqa.selenium.remote.HandshakeResponse.lambda$getResponseFunction$0(HandshakeResponse.java:31)"',
      level: 'ERROR',
      test_run_uuid: '9820d54d-9700-4382-9b75-c76756d60ab4'
    }
  ]
} to 23253:0
2026-01-07T11:16:57.095Z CLI info [testhub:request-queue-handler]  [adarshsreeram_y1cpaK]  [hkzwjebmw5zx19fypz0sppotr5xqbigy0p4bxwid]  [5c3a2ab2-3288-472d-b39c-010ba765b036]  Added the event {
  event_type: 'LogCreated',
  logs: [
    {
      testFrameworkName: 'java-generic',
      testFrameworkVersion: '18.0.2.1',
      testFrameworkState: 'LOG',
      timestamp: '2026-01-07T11:16:57.087Z',
      uuid: '9820d54d-9700-4382-9b75-c76756d60ab4',
      kind: 'TEST_LOG',
      message: '"\\tat org.openqa.selenium.remote.ProtocolHandshake.lambda$createSession$0(ProtocolHandshake.java:120)"',
      level: 'ERROR',
      test_run_uuid: '9820d54d-9700-4382-9b75-c76756d60ab4'
    }
  ]
} to 23253:0
2026-01-07T11:16:57.107Z CLI info [testhub:request-queue-handler]  [adarshsreeram_y1cpaK]  [hkzwjebmw5zx19fypz0sppotr5xqbigy0p4bxwid]  [5c3a2ab2-3288-472d-b39c-010ba765b036]  Added the event {
  event_type: 'LogCreated',
  logs: [
    {
      testFrameworkName: 'java-generic',
      testFrameworkVersion: '18.0.2.1',
      testFrameworkState: 'LOG',
      timestamp: '2026-01-07T11:16:57.104Z',
      uuid: '9820d54d-9700-4382-9b75-c76756d60ab4',
      kind: 'TEST_LOG',
      message: '"\\tat java.base/java.util.stream.ReferencePipeline$3$1.accept(ReferencePipeline.java:197)"',
      level: 'ERROR',
      test_run_uuid: '9820d54d-9700-4382-9b75-c76756d60ab4'
    }
  ]
} to 23253:0
2026-01-07T11:16:57.124Z CLI info [testhub:request-queue-handler]  [adarshsreeram_y1cpaK]  [hkzwjebmw5zx19fypz0sppotr5xqbigy0p4bxwid]  [5c3a2ab2-3288-472d-b39c-010ba765b036]  Added the event {
  event_type: 'LogCreated',
  logs: [
    {
      testFrameworkName: 'java-generic',
      testFrameworkVersion: '18.0.2.1',
      testFrameworkState: 'LOG',
      timestamp: '2026-01-07T11:16:57.122Z',
      uuid: '9820d54d-9700-4382-9b75-c76756d60ab4',
      kind: 'TEST_LOG',
      message: '"\\tat java.base/java.util.stream.Streams$StreamBuilderImpl.tryAdvance(Streams.java:397)"',
      level: 'ERROR',
      test_run_uuid: '9820d54d-9700-4382-9b75-c76756d60ab4'
    }
  ]
} to 23253:0
2026-01-07T11:16:57.138Z CLI info [testhub:request-queue-handler]  [adarshsreeram_y1cpaK]  [hkzwjebmw5zx19fypz0sppotr5xqbigy0p4bxwid]  [5c3a2ab2-3288-472d-b39c-010ba765b036]  Added the event {
  event_type: 'LogCreated',
  logs: [
    {
      testFrameworkName: 'java-generic',
      testFrameworkVersion: '18.0.2.1',
      testFrameworkState: 'LOG',
      timestamp: '2026-01-07T11:16:57.131Z',
      uuid: '9820d54d-9700-4382-9b75-c76756d60ab4',
      kind: 'TEST_LOG',
      message: '"\\tat java.base/java.util.stream.ReferencePipeline.forEachWithCancel(ReferencePipeline.java:129)"',
      level: 'ERROR',
      test_run_uuid: '9820d54d-9700-4382-9b75-c76756d60ab4'
    }
  ]
} to 23253:0
2026-01-07T11:16:57.146Z CLI info [testhub:request-queue-handler]  [adarshsreeram_y1cpaK]  [hkzwjebmw5zx19fypz0sppotr5xqbigy0p4bxwid]  [5c3a2ab2-3288-472d-b39c-010ba765b036]  Added the event {
  event_type: 'LogCreated',
  logs: [
    {
      testFrameworkName: 'java-generic',
      testFrameworkVersion: '18.0.2.1',
      testFrameworkState: 'LOG',
      timestamp: '2026-01-07T11:16:57.143Z',
      uuid: '9820d54d-9700-4382-9b75-c76756d60ab4',
      kind: 'TEST_LOG',
      message: '"\\tat java.base/java.util.stream.AbstractPipeline.copyIntoWithCancel(AbstractPipeline.java:527)"',
      level: 'ERROR',
      test_run_uuid: '9820d54d-9700-4382-9b75-c76756d60ab4'
    }
  ]
} to 23253:0
2026-01-07T11:16:57.164Z CLI info [testhub:request-queue-handler]  [adarshsreeram_y1cpaK]  [hkzwjebmw5zx19fypz0sppotr5xqbigy0p4bxwid]  [5c3a2ab2-3288-472d-b39c-010ba765b036]  Added the event {
  event_type: 'LogCreated',
  logs: [
    {
      testFrameworkName: 'java-generic',
      testFrameworkVersion: '18.0.2.1',
      testFrameworkState: 'LOG',
      timestamp: '2026-01-07T11:16:57.157Z',
      uuid: '9820d54d-9700-4382-9b75-c76756d60ab4',
      kind: 'TEST_LOG',
      message: '"\\tat java.base/java.util.stream.AbstractPipeline.copyInto(AbstractPipeline.java:513)"',
      level: 'ERROR',
      test_run_uuid: '9820d54d-9700-4382-9b75-c76756d60ab4'
    }
  ]
} to 23253:0
2026-01-07T11:16:57.178Z CLI info [testhub:request-queue-handler]  [adarshsreeram_y1cpaK]  [hkzwjebmw5zx19fypz0sppotr5xqbigy0p4bxwid]  [5c3a2ab2-3288-472d-b39c-010ba765b036]  Added the event {
  event_type: 'LogCreated',
  logs: [
    {
      testFrameworkName: 'java-generic',
      testFrameworkVersion: '18.0.2.1',
      testFrameworkState: 'LOG',
      timestamp: '2026-01-07T11:16:57.176Z',
      uuid: '9820d54d-9700-4382-9b75-c76756d60ab4',
      kind: 'TEST_LOG',
      message: '"\\tat java.base/java.util.stream.AbstractPipeline.wrapAndCopyInto(AbstractPipeline.java:499)"',
      level: 'ERROR',
      test_run_uuid: '9820d54d-9700-4382-9b75-c76756d60ab4'
    }
  ]
} to 23253:0
2026-01-07T11:16:57.192Z CLI info [testhub:request-queue-handler]  [adarshsreeram_y1cpaK]  [hkzwjebmw5zx19fypz0sppotr5xqbigy0p4bxwid]  [5c3a2ab2-3288-472d-b39c-010ba765b036]  Added the event {
  event_type: 'LogCreated',
  logs: [
    {
      testFrameworkName: 'java-generic',
      testFrameworkVersion: '18.0.2.1',
      testFrameworkState: 'LOG',
      timestamp: '2026-01-07T11:16:57.187Z',
      uuid: '9820d54d-9700-4382-9b75-c76756d60ab4',
      kind: 'TEST_LOG',
      message: '"\\tat java.base/java.util.stream.FindOps$FindOp.evaluateSequential(FindOps.java:150)"',
      level: 'ERROR',
      test_run_uuid: '9820d54d-9700-4382-9b75-c76756d60ab4'
    }
  ]
} to 23253:0
2026-01-07T11:16:57.224Z CLI info [testhub:request-queue-handler]  [adarshsreeram_y1cpaK]  [hkzwjebmw5zx19fypz0sppotr5xqbigy0p4bxwid]  [5c3a2ab2-3288-472d-b39c-010ba765b036]  Added the event {
  event_type: 'LogCreated',
  logs: [
    {
      testFrameworkName: 'java-generic',
      testFrameworkVersion: '18.0.2.1',
      testFrameworkState: 'LOG',
      timestamp: '2026-01-07T11:16:57.220Z',
      uuid: '9820d54d-9700-4382-9b75-c76756d60ab4',
      kind: 'TEST_LOG',
      message: '"\\tat java.base/java.util.stream.AbstractPipeline.evaluate(AbstractPipeline.java:234)"',
      level: 'ERROR',
      test_run_uuid: '9820d54d-9700-4382-9b75-c76756d60ab4'
    }
  ]
} to 23253:0
2026-01-07T11:16:57.236Z CLI info [testhub:request-queue-handler]  [adarshsreeram_y1cpaK]  [hkzwjebmw5zx19fypz0sppotr5xqbigy0p4bxwid]  [5c3a2ab2-3288-472d-b39c-010ba765b036]  Added the event {
  event_type: 'LogCreated',
  logs: [
    {
      testFrameworkName: 'java-generic',
      testFrameworkVersion: '18.0.2.1',
      testFrameworkState: 'LOG',
      timestamp: '2026-01-07T11:16:57.233Z',
      uuid: '9820d54d-9700-4382-9b75-c76756d60ab4',
      kind: 'TEST_LOG',
      message: '"\\tat java.base/java.util.stream.ReferencePipeline.findFirst(ReferencePipeline.java:647)"',
      level: 'ERROR',
      test_run_uuid: '9820d54d-9700-4382-9b75-c76756d60ab4'
    }
  ]
} to 23253:0
2026-01-07T11:16:57.248Z CLI info [testhub:request-queue-handler]  [adarshsreeram_y1cpaK]  [hkzwjebmw5zx19fypz0sppotr5xqbigy0p4bxwid]  [5c3a2ab2-3288-472d-b39c-010ba765b036]  Added the event {
  event_type: 'LogCreated',
  logs: [
    {
      testFrameworkName: 'java-generic',
      testFrameworkVersion: '18.0.2.1',
      testFrameworkState: 'LOG',
      timestamp: '2026-01-07T11:16:57.244Z',
      uuid: '9820d54d-9700-4382-9b75-c76756d60ab4',
      kind: 'TEST_LOG',
      message: '"\\tat org.openqa.selenium.remote.ProtocolHandshake.createSession(ProtocolHandshake.java:122)"',
      level: 'ERROR',
      test_run_uuid: '9820d54d-9700-4382-9b75-c76756d60ab4'
    }
  ]
} to 23253:0
2026-01-07T11:16:57.272Z CLI info [testhub:request-queue-handler]  [adarshsreeram_y1cpaK]  [hkzwjebmw5zx19fypz0sppotr5xqbigy0p4bxwid]  [5c3a2ab2-3288-472d-b39c-010ba765b036]  Added the event {
  event_type: 'LogCreated',
  logs: [
    {
      testFrameworkName: 'java-generic',
      testFrameworkVersion: '18.0.2.1',
      testFrameworkState: 'LOG',
      timestamp: '2026-01-07T11:16:57.264Z',
      uuid: '9820d54d-9700-4382-9b75-c76756d60ab4',
      kind: 'TEST_LOG',
      message: '"\\tat org.openqa.selenium.remote.ProtocolHandshake.createSession(ProtocolHandshake.java:75)"',
      level: 'ERROR',
      test_run_uuid: '9820d54d-9700-4382-9b75-c76756d60ab4'
    }
  ]
} to 23253:0
2026-01-07T11:16:57.286Z CLI info [testhub:request-queue-handler]  [adarshsreeram_y1cpaK]  [hkzwjebmw5zx19fypz0sppotr5xqbigy0p4bxwid]  [5c3a2ab2-3288-472d-b39c-010ba765b036]  Added the event {
  event_type: 'LogCreated',
  logs: [
    {
      testFrameworkName: 'java-generic',
      testFrameworkVersion: '18.0.2.1',
      testFrameworkState: 'LOG',
      timestamp: '2026-01-07T11:16:57.281Z',
      uuid: '9820d54d-9700-4382-9b75-c76756d60ab4',
      kind: 'TEST_LOG',
      message: '"\\tat org.openqa.selenium.remote.ProtocolHandshake.createSession(ProtocolHandshake.java:61)"',
      level: 'ERROR',
      test_run_uuid: '9820d54d-9700-4382-9b75-c76756d60ab4'
    }
  ]
} to 23253:0
2026-01-07T11:16:57.294Z CLI info [testhub:request-queue-handler]  [adarshsreeram_y1cpaK]  [hkzwjebmw5zx19fypz0sppotr5xqbigy0p4bxwid]  [5c3a2ab2-3288-472d-b39c-010ba765b036]  Added the event {
  event_type: 'LogCreated',
  logs: [
    {
      testFrameworkName: 'java-generic',
      testFrameworkVersion: '18.0.2.1',
      testFrameworkState: 'LOG',
      timestamp: '2026-01-07T11:16:57.292Z',
      uuid: '9820d54d-9700-4382-9b75-c76756d60ab4',
      kind: 'TEST_LOG',
      message: '"\\tat org.openqa.selenium.remote.HttpCommandExecutor.execute(HttpCommandExecutor.java:187)"',
      level: 'ERROR',
      test_run_uuid: '9820d54d-9700-4382-9b75-c76756d60ab4'
    }
  ]
} to 23253:0
2026-01-07T11:16:57.305Z CLI info [testhub:request-queue-handler]  [adarshsreeram_y1cpaK]  [hkzwjebmw5zx19fypz0sppotr5xqbigy0p4bxwid]  [5c3a2ab2-3288-472d-b39c-010ba765b036]  Added the event {
  event_type: 'LogCreated',
  logs: [
    {
      testFrameworkName: 'java-generic',
      testFrameworkVersion: '18.0.2.1',
      testFrameworkState: 'LOG',
      timestamp: '2026-01-07T11:16:57.302Z',
      uuid: '9820d54d-9700-4382-9b75-c76756d60ab4',
      kind: 'TEST_LOG',
      message: '"\\tat org.openqa.selenium.remote.RemoteWebDriver.execute(RemoteWebDriver.java:557)"',
      level: 'ERROR',
      test_run_uuid: '9820d54d-9700-4382-9b75-c76756d60ab4'
    }
  ]
} to 23253:0
2026-01-07T11:16:57.317Z CLI info [testhub:request-queue-handler]  [adarshsreeram_y1cpaK]  [hkzwjebmw5zx19fypz0sppotr5xqbigy0p4bxwid]  [5c3a2ab2-3288-472d-b39c-010ba765b036]  Added the event {
  event_type: 'LogCreated',
  logs: [
    {
      testFrameworkName: 'java-generic',
      testFrameworkVersion: '18.0.2.1',
      testFrameworkState: 'LOG',
      timestamp: '2026-01-07T11:16:57.314Z',
      uuid: '9820d54d-9700-4382-9b75-c76756d60ab4',
      kind: 'TEST_LOG',
      message: '"\\t... 7 more"',
      level: 'ERROR',
      test_run_uuid: '9820d54d-9700-4382-9b75-c76756d60ab4'
    }
  ]
} to 23253:0
2026-01-07T11:16:58.943Z CLI info [testhub:request-queue-handler]  [adarshsreeram_y1cpaK]  [hkzwjebmw5zx19fypz0sppotr5xqbigy0p4bxwid]  [5c3a2ab2-3288-472d-b39c-010ba765b036]  Processing batch event [
  { event_type: 'LogCreated', logs: [ [Object] ] },
  { event_type: 'LogCreated', logs: [ [Object] ] },
  { event_type: 'LogCreated', logs: [ [Object] ] },
  { event_type: 'LogCreated', logs: [ [Object] ] },
  { event_type: 'LogCreated', logs: [ [Object] ] },
  { event_type: 'LogCreated', logs: [ [Object] ] },
  { event_type: 'LogCreated', logs: [ [Object] ] },
  { event_type: 'LogCreated', logs: [ [Object] ] },
  { event_type: 'LogCreated', logs: [ [Object] ] },
  { event_type: 'LogCreated', logs: [ [Object] ] },
  { event_type: 'LogCreated', logs: [ [Object] ] },
  { event_type: 'LogCreated', logs: [ [Object] ] },
  { event_type: 'LogCreated', logs: [ [Object] ] },
  { event_type: 'LogCreated', logs: [ [Object] ] },
  { event_type: 'LogCreated', logs: [ [Object] ] },
  { event_type: 'LogCreated', logs: [ [Object] ] },
  { event_type: 'LogCreated', logs: [ [Object] ] },
  { event_type: 'LogCreated', logs: [ [Object] ] },
  { event_type: 'LogCreated', logs: [ [Object] ] },
  { event_type: 'LogCreated', logs: [ [Object] ] },
  { event_type: 'LogCreated', logs: [ [Object] ] },
  { event_type: 'LogCreated', logs: [ [Object] ] },
  { event_type: 'LogCreated', logs: [ [Object] ] },
  { event_type: 'LogCreated', logs: [ [Object] ] }
] to 23253:0
2026-01-07T11:16:58.947Z CLI info  [adarshsreeram_y1cpaK]  [hkzwjebmw5zx19fypz0sppotr5xqbigy0p4bxwid]  [5c3a2ab2-3288-472d-b39c-010ba765b036]  [PRODUCTION] Making POST request to https://collector-observability.browserstack.com
2026-01-07T11:16:59.874Z CLI info  [adarshsreeram_y1cpaK]  [hkzwjebmw5zx19fypz0sppotr5xqbigy0p4bxwid]  [5c3a2ab2-3288-472d-b39c-010ba765b036]  [PRODUCTION] Making PUT request to https://collector-observability.browserstack.com
2026-01-07T11:17:00.817Z CLI info [testhub:module]  [adarshsreeram_y1cpaK]  [hkzwjebmw5zx19fypz0sppotr5xqbigy0p4bxwid]  [5c3a2ab2-3288-472d-b39c-010ba765b036]  stopBuild: hkzwjebmw5zx19fypz0sppotr5xqbigy0p4bxwid request={"finished_at":"2026-01-07T11:16:57.937Z","finished_metadata":[],"custom_metadata":{}} response={"data":""}
2026-01-07T11:17:00.824Z CLI info  [adarshsreeram_y1cpaK]  [hkzwjebmw5zx19fypz0sppotr5xqbigy0p4bxwid]  [5c3a2ab2-3288-472d-b39c-010ba765b036]  [PRODUCTION] Making POST request to https://api.browserstack.com
2026-01-07T11:17:00.831Z CLI info [TEST REPORTING AND ANALYTICS:module]  [adarshsreeram_y1cpaK]  [hkzwjebmw5zx19fypz0sppotr5xqbigy0p4bxwid]  [5c3a2ab2-3288-472d-b39c-010ba765b036]  Visit https://automation.browserstack.com/builds/hkzwjebmw5zx19fypz0sppotr5xqbigy0p4bxwid to view build report, insights, and many more debugging information all at one place!
2026-01-07T11:17:01.195Z CLI info  [adarshsreeram_y1cpaK]  [hkzwjebmw5zx19fypz0sppotr5xqbigy0p4bxwid]  [5c3a2ab2-3288-472d-b39c-010ba765b036]  [PRODUCTION] Making GET request to https://api.browserstack.com
2026-01-07T11:17:01.553Z CLI info  [adarshsreeram_y1cpaK]  [hkzwjebmw5zx19fypz0sppotr5xqbigy0p4bxwid]  [5c3a2ab2-3288-472d-b39c-010ba765b036]  [PRODUCTION] Making POST request to https://eds.browserstack.com
2026-01-07T11:17:02.774Z CLI info [main]  [adarshsreeram_y1cpaK]  [hkzwjebmw5zx19fypz0sppotr5xqbigy0p4bxwid]  [5c3a2ab2-3288-472d-b39c-010ba765b036]  Received graceful signal termination, performing cleanup
2026-01-07T11:17:11.809Z CLI info [main]     Server listening on port: 5400
2026-01-07T11:17:12.303Z CLI info     Config : {"userName":"[REDACTED]","accessKey":"[REDACTED]","framework":"java-generic","platforms":[{"os":"Windows","osVersion":"10","browserName":"Chrome","browserVersion":"120.0"}],"buildName":"bstack-java-demo","buildIdentifier":"#${BUILD_NUMBER}","build_run_identifier":"Vanilla_java_build","projectName":"BrowserStack Vanilla JAVA Sample 2","testObservability":true,"debug":true,"networkLogs":true,"consoleLogs":"info"}
2026-01-07T11:17:12.321Z CLI info     Should start debug utility: undefined
2026-01-07T11:17:12.333Z CLI info [testhub:module]  [adarshsreeram_y1cpaK]   [79d3b0f6-db39-463a-8af4-c16f237df0a5]  Starting testhub from 23336:0
2026-01-07T11:17:12.335Z CLI info  [adarshsreeram_y1cpaK]   [79d3b0f6-db39-463a-8af4-c16f237df0a5]  [PRODUCTION] Making POST request to https://sdk.browserstack.com
2026-01-07T11:17:13.016Z CLI info [testhub:module]  [adarshsreeram_y1cpaK]   [79d3b0f6-db39-463a-8af4-c16f237df0a5]  startBuild: response=ijrxrzax5a72drlzgwjztj31bqxxpjzts7tyd8fj
2026-01-07T11:17:13.027Z CLI info  [adarshsreeram_y1cpaK]  [ijrxrzax5a72drlzgwjztj31bqxxpjzts7tyd8fj]  [79d3b0f6-db39-463a-8af4-c16f237df0a5]  [PRODUCTION] Making POST request to https://api.browserstack.com
2026-01-07T11:17:13.416Z CLI info  [adarshsreeram_y1cpaK]  [ijrxrzax5a72drlzgwjztj31bqxxpjzts7tyd8fj]  [79d3b0f6-db39-463a-8af4-c16f237df0a5]  [PRODUCTION] Making GET request to https://hub.browserstack.com
2026-01-07T11:17:13.639Z CLI info  [adarshsreeram_y1cpaK]  [ijrxrzax5a72drlzgwjztj31bqxxpjzts7tyd8fj]  [79d3b0f6-db39-463a-8af4-c16f237df0a5]  [PRODUCTION] Making GET request to https://hub-aps.browserstack.com
2026-01-07T11:17:13.856Z CLI info  [adarshsreeram_y1cpaK]  [ijrxrzax5a72drlzgwjztj31bqxxpjzts7tyd8fj]  [79d3b0f6-db39-463a-8af4-c16f237df0a5]  [PRODUCTION] Making GET request to https://hub-euw.browserstack.com
2026-01-07T11:17:14.718Z CLI info  [adarshsreeram_y1cpaK]  [ijrxrzax5a72drlzgwjztj31bqxxpjzts7tyd8fj]  [79d3b0f6-db39-463a-8af4-c16f237df0a5]  [PRODUCTION] Making GET request to https://hub-apse.browserstack.com
2026-01-07T11:17:23.427Z CLI info [testhub:request-queue-handler]  [adarshsreeram_y1cpaK]  [ijrxrzax5a72drlzgwjztj31bqxxpjzts7tyd8fj]  [79d3b0f6-db39-463a-8af4-c16f237df0a5]  Added the event {
  event_type: 'LogCreated',
  logs: [
    {
      testFrameworkName: 'java-generic',
      testFrameworkVersion: '18.0.2.1',
      testFrameworkState: 'LOG',
      timestamp: '2026-01-07T11:17:23.391Z',
      uuid: '98d18643-4477-410c-9d04-11a8b6533791',
      kind: 'TEST_LOG',
      message: '"Setting up ChromeDriver"',
      level: 'INFO',
      test_run_uuid: '98d18643-4477-410c-9d04-11a8b6533791'
    }
  ]
} to 23336:0
2026-01-07T11:17:23.487Z CLI info [testhub:request-queue-handler]  [adarshsreeram_y1cpaK]  [ijrxrzax5a72drlzgwjztj31bqxxpjzts7tyd8fj]  [79d3b0f6-db39-463a-8af4-c16f237df0a5]  Added the event {
  event_type: 'LogCreated',
  logs: [
    {
      testFrameworkName: 'java-generic',
      testFrameworkVersion: '18.0.2.1',
      testFrameworkState: 'LOG',
      timestamp: '2026-01-07T11:17:23.480Z',
      uuid: '98d18643-4477-410c-9d04-11a8b6533791',
      kind: 'TEST_LOG',
      message: '"SLF4J(W): No SLF4J providers were found."',
      level: 'ERROR',
      test_run_uuid: '98d18643-4477-410c-9d04-11a8b6533791'
    }
  ]
} to 23336:0
2026-01-07T11:17:23.514Z CLI info [testhub:request-queue-handler]  [adarshsreeram_y1cpaK]  [ijrxrzax5a72drlzgwjztj31bqxxpjzts7tyd8fj]  [79d3b0f6-db39-463a-8af4-c16f237df0a5]  Added the event {
  event_type: 'LogCreated',
  logs: [
    {
      testFrameworkName: 'java-generic',
      testFrameworkVersion: '18.0.2.1',
      testFrameworkState: 'LOG',
      timestamp: '2026-01-07T11:17:23.508Z',
      uuid: '98d18643-4477-410c-9d04-11a8b6533791',
      kind: 'TEST_LOG',
      message: '"SLF4J(W): Defaulting to no-operation (NOP) logger implementation"',
      level: 'ERROR',
      test_run_uuid: '98d18643-4477-410c-9d04-11a8b6533791'
    }
  ]
} to 23336:0
2026-01-07T11:17:23.532Z CLI info [testhub:request-queue-handler]  [adarshsreeram_y1cpaK]  [ijrxrzax5a72drlzgwjztj31bqxxpjzts7tyd8fj]  [79d3b0f6-db39-463a-8af4-c16f237df0a5]  Added the event {
  event_type: 'LogCreated',
  logs: [
    {
      testFrameworkName: 'java-generic',
      testFrameworkVersion: '18.0.2.1',
      testFrameworkState: 'LOG',
      timestamp: '2026-01-07T11:17:23.526Z',
      uuid: '98d18643-4477-410c-9d04-11a8b6533791',
      kind: 'TEST_LOG',
      message: '"SLF4J(W): See https://www.slf4j.org/codes.html#noProviders for further details."',
      level: 'ERROR',
      test_run_uuid: '98d18643-4477-410c-9d04-11a8b6533791'
    }
  ]
} to 23336:0
2026-01-07T11:17:25.027Z CLI info [testhub:request-queue-handler]  [adarshsreeram_y1cpaK]  [ijrxrzax5a72drlzgwjztj31bqxxpjzts7tyd8fj]  [79d3b0f6-db39-463a-8af4-c16f237df0a5]  Processing batch event [
  { event_type: 'LogCreated', logs: [ [Object] ] },
  { event_type: 'LogCreated', logs: [ [Object] ] },
  { event_type: 'LogCreated', logs: [ [Object] ] },
  { event_type: 'LogCreated', logs: [ [Object] ] }
] to 23336:0
2026-01-07T11:17:25.028Z CLI info  [adarshsreeram_y1cpaK]  [ijrxrzax5a72drlzgwjztj31bqxxpjzts7tyd8fj]  [79d3b0f6-db39-463a-8af4-c16f237df0a5]  [PRODUCTION] Making POST request to https://collector-observability.browserstack.com
2026-01-07T11:17:25.156Z CLI info [sdk:service]  [adarshsreeram_y1cpaK]  [ijrxrzax5a72drlzgwjztj31bqxxpjzts7tyd8fj]  [79d3b0f6-db39-463a-8af4-c16f237df0a5]  Driver initialized as primary driver: platformIndex=0
2026-01-07T11:17:26.843Z CLI info [testhub:request-queue-handler]  [adarshsreeram_y1cpaK]  [ijrxrzax5a72drlzgwjztj31bqxxpjzts7tyd8fj]  [79d3b0f6-db39-463a-8af4-c16f237df0a5]  Added the event {
  event_type: 'LogCreated',
  logs: [
    {
      testFrameworkName: 'java-generic',
      testFrameworkVersion: '18.0.2.1',
      testFrameworkState: 'LOG',
      timestamp: '2026-01-07T11:17:26.831Z',
      uuid: '98d18643-4477-410c-9d04-11a8b6533791',
      kind: 'TEST_LOG',
      message: `"Test failed with error: Could not start a new session. Possible causes are invalid address of the remote server or browser start-up failure. \\nHost info: host: 'Adarsh-RG9M5920FF', ip: '192.168.1.36'"`,
      level: 'ERROR',
      test_run_uuid: '98d18643-4477-410c-9d04-11a8b6533791'
    }
  ]
} to 23336:0
2026-01-07T11:17:26.865Z CLI info [testhub:request-queue-handler]  [adarshsreeram_y1cpaK]  [ijrxrzax5a72drlzgwjztj31bqxxpjzts7tyd8fj]  [79d3b0f6-db39-463a-8af4-c16f237df0a5]  Added the event {
  event_type: 'LogCreated',
  logs: [
    {
      testFrameworkName: 'java-generic',
      testFrameworkVersion: '18.0.2.1',
      testFrameworkState: 'LOG',
      timestamp: '2026-01-07T11:17:26.852Z',
      uuid: '98d18643-4477-410c-9d04-11a8b6533791',
      kind: 'TEST_LOG',
      message: `"org.openqa.selenium.SessionNotCreatedException: Could not start a new session. Possible causes are invalid address of the remote server or browser start-up failure. \\nHost info: host: 'Adarsh-RG9M5920FF', ip: '192.168.1.36'"`,
      level: 'ERROR',
      test_run_uuid: '98d18643-4477-410c-9d04-11a8b6533791'
    }
  ]
} to 23336:0
2026-01-07T11:17:26.889Z CLI info [testhub:request-queue-handler]  [adarshsreeram_y1cpaK]  [ijrxrzax5a72drlzgwjztj31bqxxpjzts7tyd8fj]  [79d3b0f6-db39-463a-8af4-c16f237df0a5]  Added the event {
  event_type: 'LogCreated',
  logs: [
    {
      testFrameworkName: 'java-generic',
      testFrameworkVersion: '18.0.2.1',
      testFrameworkState: 'LOG',
      timestamp: '2026-01-07T11:17:26.879Z',
      uuid: '98d18643-4477-410c-9d04-11a8b6533791',
      kind: 'TEST_LOG',
      message: '"\\tat org.openqa.selenium.remote.RemoteWebDriver.execute(RemoteWebDriver.java:575)"',
      level: 'ERROR',
      test_run_uuid: '98d18643-4477-410c-9d04-11a8b6533791'
    }
  ]
} to 23336:0
2026-01-07T11:17:26.921Z CLI info [testhub:request-queue-handler]  [adarshsreeram_y1cpaK]  [ijrxrzax5a72drlzgwjztj31bqxxpjzts7tyd8fj]  [79d3b0f6-db39-463a-8af4-c16f237df0a5]  Added the event {
  event_type: 'LogCreated',
  logs: [
    {
      testFrameworkName: 'java-generic',
      testFrameworkVersion: '18.0.2.1',
      testFrameworkState: 'LOG',
      timestamp: '2026-01-07T11:17:26.910Z',
      uuid: '98d18643-4477-410c-9d04-11a8b6533791',
      kind: 'TEST_LOG',
      message: '"\\tat org.openqa.selenium.remote.RemoteWebDriver.startSession(RemoteWebDriver.java:246)"',
      level: 'ERROR',
      test_run_uuid: '98d18643-4477-410c-9d04-11a8b6533791'
    }
  ]
} to 23336:0
2026-01-07T11:17:26.950Z CLI info [testhub:request-queue-handler]  [adarshsreeram_y1cpaK]  [ijrxrzax5a72drlzgwjztj31bqxxpjzts7tyd8fj]  [79d3b0f6-db39-463a-8af4-c16f237df0a5]  Added the event {
  event_type: 'LogCreated',
  logs: [
    {
      testFrameworkName: 'java-generic',
      testFrameworkVersion: '18.0.2.1',
      testFrameworkState: 'LOG',
      timestamp: '2026-01-07T11:17:26.936Z',
      uuid: '98d18643-4477-410c-9d04-11a8b6533791',
      kind: 'TEST_LOG',
      message: '"\\tat org.openqa.selenium.remote.RemoteWebDriver.<init>(RemoteWebDriver.java:174)"',
      level: 'ERROR',
      test_run_uuid: '98d18643-4477-410c-9d04-11a8b6533791'
    }
  ]
} to 23336:0
2026-01-07T11:17:26.974Z CLI info [testhub:request-queue-handler]  [adarshsreeram_y1cpaK]  [ijrxrzax5a72drlzgwjztj31bqxxpjzts7tyd8fj]  [79d3b0f6-db39-463a-8af4-c16f237df0a5]  Added the event {
  event_type: 'LogCreated',
  logs: [
    {
      testFrameworkName: 'java-generic',
      testFrameworkVersion: '18.0.2.1',
      testFrameworkState: 'LOG',
      timestamp: '2026-01-07T11:17:26.966Z',
      uuid: '98d18643-4477-410c-9d04-11a8b6533791',
      kind: 'TEST_LOG',
      message: '"\\tat org.openqa.selenium.chromium.ChromiumDriver.<init>(ChromiumDriver.java:99)"',
      level: 'ERROR',
      test_run_uuid: '98d18643-4477-410c-9d04-11a8b6533791'
    }
  ]
} to 23336:0
2026-01-07T11:17:26.999Z CLI info [testhub:request-queue-handler]  [adarshsreeram_y1cpaK]  [ijrxrzax5a72drlzgwjztj31bqxxpjzts7tyd8fj]  [79d3b0f6-db39-463a-8af4-c16f237df0a5]  Added the event {
  event_type: 'LogCreated',
  logs: [
    {
      testFrameworkName: 'java-generic',
      testFrameworkVersion: '18.0.2.1',
      testFrameworkState: 'LOG',
      timestamp: '2026-01-07T11:17:26.986Z',
      uuid: '98d18643-4477-410c-9d04-11a8b6533791',
      kind: 'TEST_LOG',
      message: '"\\tat org.openqa.selenium.chrome.ChromeDriver.<init>(ChromeDriver.java:88)"',
      level: 'ERROR',
      test_run_uuid: '98d18643-4477-410c-9d04-11a8b6533791'
    }
  ]
} to 23336:0
2026-01-07T11:17:27.035Z CLI info [testhub:request-queue-handler]  [adarshsreeram_y1cpaK]  [ijrxrzax5a72drlzgwjztj31bqxxpjzts7tyd8fj]  [79d3b0f6-db39-463a-8af4-c16f237df0a5]  Added the event {
  event_type: 'LogCreated',
  logs: [
    {
      testFrameworkName: 'java-generic',
      testFrameworkVersion: '18.0.2.1',
      testFrameworkState: 'LOG',
      timestamp: '2026-01-07T11:17:27.023Z',
      uuid: '98d18643-4477-410c-9d04-11a8b6533791',
      kind: 'TEST_LOG',
      message: '"\\tat org.openqa.selenium.chrome.ChromeDriver.<init>(ChromeDriver.java:83)"',
      level: 'ERROR',
      test_run_uuid: '98d18643-4477-410c-9d04-11a8b6533791'
    }
  ]
} to 23336:0
2026-01-07T11:17:27.037Z CLI info [testhub:request-queue-handler]  [adarshsreeram_y1cpaK]  [ijrxrzax5a72drlzgwjztj31bqxxpjzts7tyd8fj]  [79d3b0f6-db39-463a-8af4-c16f237df0a5]  Processing batch event [
  { event_type: 'LogCreated', logs: [ [Object] ] },
  { event_type: 'LogCreated', logs: [ [Object] ] },
  { event_type: 'LogCreated', logs: [ [Object] ] },
  { event_type: 'LogCreated', logs: [ [Object] ] },
  { event_type: 'LogCreated', logs: [ [Object] ] },
  { event_type: 'LogCreated', logs: [ [Object] ] },
  { event_type: 'LogCreated', logs: [ [Object] ] },
  { event_type: 'LogCreated', logs: [ [Object] ] }
] to 23336:0
2026-01-07T11:17:27.038Z CLI info  [adarshsreeram_y1cpaK]  [ijrxrzax5a72drlzgwjztj31bqxxpjzts7tyd8fj]  [79d3b0f6-db39-463a-8af4-c16f237df0a5]  [PRODUCTION] Making POST request to https://collector-observability.browserstack.com
2026-01-07T11:17:27.055Z CLI info [testhub:request-queue-handler]  [adarshsreeram_y1cpaK]  [ijrxrzax5a72drlzgwjztj31bqxxpjzts7tyd8fj]  [79d3b0f6-db39-463a-8af4-c16f237df0a5]  Added the event {
  event_type: 'LogCreated',
  logs: [
    {
      testFrameworkName: 'java-generic',
      testFrameworkVersion: '18.0.2.1',
      testFrameworkState: 'LOG',
      timestamp: '2026-01-07T11:17:27.050Z',
      uuid: '98d18643-4477-410c-9d04-11a8b6533791',
      kind: 'TEST_LOG',
      message: '"\\tat org.openqa.selenium.chrome.ChromeDriver.<init>(ChromeDriver.java:51)"',
      level: 'ERROR',
      test_run_uuid: '98d18643-4477-410c-9d04-11a8b6533791'
    }
  ]
} to 23336:0
2026-01-07T11:17:27.065Z CLI info [testhub:request-queue-handler]  [adarshsreeram_y1cpaK]  [ijrxrzax5a72drlzgwjztj31bqxxpjzts7tyd8fj]  [79d3b0f6-db39-463a-8af4-c16f237df0a5]  Added the event {
  event_type: 'LogCreated',
  logs: [
    {
      testFrameworkName: 'java-generic',
      testFrameworkVersion: '18.0.2.1',
      testFrameworkState: 'LOG',
      timestamp: '2026-01-07T11:17:27.061Z',
      uuid: '98d18643-4477-410c-9d04-11a8b6533791',
      kind: 'TEST_LOG',
      message: '"\\tat googleTest.main(googleTest.java:23)"',
      level: 'ERROR',
      test_run_uuid: '98d18643-4477-410c-9d04-11a8b6533791'
    }
  ]
} to 23336:0
2026-01-07T11:17:27.079Z CLI info [testhub:request-queue-handler]  [adarshsreeram_y1cpaK]  [ijrxrzax5a72drlzgwjztj31bqxxpjzts7tyd8fj]  [79d3b0f6-db39-463a-8af4-c16f237df0a5]  Added the event {
  event_type: 'LogCreated',
  logs: [
    {
      testFrameworkName: 'java-generic',
      testFrameworkVersion: '18.0.2.1',
      testFrameworkState: 'LOG',
      timestamp: '2026-01-07T11:17:27.075Z',
      uuid: '98d18643-4477-410c-9d04-11a8b6533791',
      kind: 'TEST_LOG',
      message: `"Caused by: org.openqa.selenium.WebDriverException: The property '#/firstMatch/0/bstack:options' contains additional properties [\\"build_run_identifier\\"] outside of the schema when none are allowed in the payload.\\nBuild info: version: '4.35.0', revision: '1c58e5028b'\\nSystem info: os.name: 'Mac OS X', os.arch: 'x86_64', os.version: '13.4', java.version: '18.0.2.1'\\nDriver info: driver.version: ChromeDriver\\nremote stacktrace: "`,
      level: 'ERROR',
      test_run_uuid: '98d18643-4477-410c-9d04-11a8b6533791'
    }
  ]
} to 23336:0
2026-01-07T11:17:27.093Z CLI info [testhub:request-queue-handler]  [adarshsreeram_y1cpaK]  [ijrxrzax5a72drlzgwjztj31bqxxpjzts7tyd8fj]  [79d3b0f6-db39-463a-8af4-c16f237df0a5]  Added the event {
  event_type: 'LogCreated',
  logs: [
    {
      testFrameworkName: 'java-generic',
      testFrameworkVersion: '18.0.2.1',
      testFrameworkState: 'LOG',
      timestamp: '2026-01-07T11:17:27.088Z',
      uuid: '98d18643-4477-410c-9d04-11a8b6533791',
      kind: 'TEST_LOG',
      message: '"\\tat java.base/jdk.internal.reflect.DirectConstructorHandleAccessor.newInstance(DirectConstructorHandleAccessor.java:67)"',
      level: 'ERROR',
      test_run_uuid: '98d18643-4477-410c-9d04-11a8b6533791'
    }
  ]
} to 23336:0
2026-01-07T11:17:27.102Z CLI info [testhub:request-queue-handler]  [adarshsreeram_y1cpaK]  [ijrxrzax5a72drlzgwjztj31bqxxpjzts7tyd8fj]  [79d3b0f6-db39-463a-8af4-c16f237df0a5]  Added the event {
  event_type: 'LogCreated',
  logs: [
    {
      testFrameworkName: 'java-generic',
      testFrameworkVersion: '18.0.2.1',
      testFrameworkState: 'LOG',
      timestamp: '2026-01-07T11:17:27.098Z',
      uuid: '98d18643-4477-410c-9d04-11a8b6533791',
      kind: 'TEST_LOG',
      message: '"\\tat java.base/java.lang.reflect.Constructor.newInstanceWithCaller(Constructor.java:499)"',
      level: 'ERROR',
      test_run_uuid: '98d18643-4477-410c-9d04-11a8b6533791'
    }
  ]
} to 23336:0
2026-01-07T11:17:27.112Z CLI info [testhub:request-queue-handler]  [adarshsreeram_y1cpaK]  [ijrxrzax5a72drlzgwjztj31bqxxpjzts7tyd8fj]  [79d3b0f6-db39-463a-8af4-c16f237df0a5]  Added the event {
  event_type: 'LogCreated',
  logs: [
    {
      testFrameworkName: 'java-generic',
      testFrameworkVersion: '18.0.2.1',
      testFrameworkState: 'LOG',
      timestamp: '2026-01-07T11:17:27.110Z',
      uuid: '98d18643-4477-410c-9d04-11a8b6533791',
      kind: 'TEST_LOG',
      message: '"\\tat java.base/java.lang.reflect.Constructor.newInstance(Constructor.java:483)"',
      level: 'ERROR',
      test_run_uuid: '98d18643-4477-410c-9d04-11a8b6533791'
    }
  ]
} to 23336:0
2026-01-07T11:17:27.123Z CLI info [testhub:request-queue-handler]  [adarshsreeram_y1cpaK]  [ijrxrzax5a72drlzgwjztj31bqxxpjzts7tyd8fj]  [79d3b0f6-db39-463a-8af4-c16f237df0a5]  Added the event {
  event_type: 'LogCreated',
  logs: [
    {
      testFrameworkName: 'java-generic',
      testFrameworkVersion: '18.0.2.1',
      testFrameworkState: 'LOG',
      timestamp: '2026-01-07T11:17:27.119Z',
      uuid: '98d18643-4477-410c-9d04-11a8b6533791',
      kind: 'TEST_LOG',
      message: '"\\tat org.openqa.selenium.remote.W3CHandshakeResponse.lambda$errorHandler$0(W3CHandshakeResponse.java:59)"',
      level: 'ERROR',
      test_run_uuid: '98d18643-4477-410c-9d04-11a8b6533791'
    }
  ]
} to 23336:0
2026-01-07T11:17:27.132Z CLI info [testhub:request-queue-handler]  [adarshsreeram_y1cpaK]  [ijrxrzax5a72drlzgwjztj31bqxxpjzts7tyd8fj]  [79d3b0f6-db39-463a-8af4-c16f237df0a5]  Added the event {
  event_type: 'LogCreated',
  logs: [
    {
      testFrameworkName: 'java-generic',
      testFrameworkVersion: '18.0.2.1',
      testFrameworkState: 'LOG',
      timestamp: '2026-01-07T11:17:27.127Z',
      uuid: '98d18643-4477-410c-9d04-11a8b6533791',
      kind: 'TEST_LOG',
      message: '"\\tat org.openqa.selenium.remote.HandshakeResponse.lambda$getResponseFunction$0(HandshakeResponse.java:31)"',
      level: 'ERROR',
      test_run_uuid: '98d18643-4477-410c-9d04-11a8b6533791'
    }
  ]
} to 23336:0
2026-01-07T11:17:27.149Z CLI info [testhub:request-queue-handler]  [adarshsreeram_y1cpaK]  [ijrxrzax5a72drlzgwjztj31bqxxpjzts7tyd8fj]  [79d3b0f6-db39-463a-8af4-c16f237df0a5]  Added the event {
  event_type: 'LogCreated',
  logs: [
    {
      testFrameworkName: 'java-generic',
      testFrameworkVersion: '18.0.2.1',
      testFrameworkState: 'LOG',
      timestamp: '2026-01-07T11:17:27.145Z',
      uuid: '98d18643-4477-410c-9d04-11a8b6533791',
      kind: 'TEST_LOG',
      message: '"\\tat org.openqa.selenium.remote.ProtocolHandshake.lambda$createSession$0(ProtocolHandshake.java:120)"',
      level: 'ERROR',
      test_run_uuid: '98d18643-4477-410c-9d04-11a8b6533791'
    }
  ]
} to 23336:0
2026-01-07T11:17:27.160Z CLI info [testhub:request-queue-handler]  [adarshsreeram_y1cpaK]  [ijrxrzax5a72drlzgwjztj31bqxxpjzts7tyd8fj]  [79d3b0f6-db39-463a-8af4-c16f237df0a5]  Added the event {
  event_type: 'LogCreated',
  logs: [
    {
      testFrameworkName: 'java-generic',
      testFrameworkVersion: '18.0.2.1',
      testFrameworkState: 'LOG',
      timestamp: '2026-01-07T11:17:27.157Z',
      uuid: '98d18643-4477-410c-9d04-11a8b6533791',
      kind: 'TEST_LOG',
      message: '"\\tat java.base/java.util.stream.ReferencePipeline$3$1.accept(ReferencePipeline.java:197)"',
      level: 'ERROR',
      test_run_uuid: '98d18643-4477-410c-9d04-11a8b6533791'
    }
  ]
} to 23336:0
2026-01-07T11:17:27.181Z CLI info [testhub:request-queue-handler]  [adarshsreeram_y1cpaK]  [ijrxrzax5a72drlzgwjztj31bqxxpjzts7tyd8fj]  [79d3b0f6-db39-463a-8af4-c16f237df0a5]  Added the event {
  event_type: 'LogCreated',
  logs: [
    {
      testFrameworkName: 'java-generic',
      testFrameworkVersion: '18.0.2.1',
      testFrameworkState: 'LOG',
      timestamp: '2026-01-07T11:17:27.179Z',
      uuid: '98d18643-4477-410c-9d04-11a8b6533791',
      kind: 'TEST_LOG',
      message: '"\\tat java.base/java.util.stream.Streams$StreamBuilderImpl.tryAdvance(Streams.java:397)"',
      level: 'ERROR',
      test_run_uuid: '98d18643-4477-410c-9d04-11a8b6533791'
    }
  ]
} to 23336:0
2026-01-07T11:17:27.192Z CLI info [testhub:request-queue-handler]  [adarshsreeram_y1cpaK]  [ijrxrzax5a72drlzgwjztj31bqxxpjzts7tyd8fj]  [79d3b0f6-db39-463a-8af4-c16f237df0a5]  Added the event {
  event_type: 'LogCreated',
  logs: [
    {
      testFrameworkName: 'java-generic',
      testFrameworkVersion: '18.0.2.1',
      testFrameworkState: 'LOG',
      timestamp: '2026-01-07T11:17:27.188Z',
      uuid: '98d18643-4477-410c-9d04-11a8b6533791',
      kind: 'TEST_LOG',
      message: '"\\tat java.base/java.util.stream.ReferencePipeline.forEachWithCancel(ReferencePipeline.java:129)"',
      level: 'ERROR',
      test_run_uuid: '98d18643-4477-410c-9d04-11a8b6533791'
    }
  ]
} to 23336:0
2026-01-07T11:17:27.200Z CLI info [testhub:request-queue-handler]  [adarshsreeram_y1cpaK]  [ijrxrzax5a72drlzgwjztj31bqxxpjzts7tyd8fj]  [79d3b0f6-db39-463a-8af4-c16f237df0a5]  Added the event {
  event_type: 'LogCreated',
  logs: [
    {
      testFrameworkName: 'java-generic',
      testFrameworkVersion: '18.0.2.1',
      testFrameworkState: 'LOG',
      timestamp: '2026-01-07T11:17:27.198Z',
      uuid: '98d18643-4477-410c-9d04-11a8b6533791',
      kind: 'TEST_LOG',
      message: '"\\tat java.base/java.util.stream.AbstractPipeline.copyIntoWithCancel(AbstractPipeline.java:527)"',
      level: 'ERROR',
      test_run_uuid: '98d18643-4477-410c-9d04-11a8b6533791'
    }
  ]
} to 23336:0
2026-01-07T11:17:27.214Z CLI info [testhub:request-queue-handler]  [adarshsreeram_y1cpaK]  [ijrxrzax5a72drlzgwjztj31bqxxpjzts7tyd8fj]  [79d3b0f6-db39-463a-8af4-c16f237df0a5]  Added the event {
  event_type: 'LogCreated',
  logs: [
    {
      testFrameworkName: 'java-generic',
      testFrameworkVersion: '18.0.2.1',
      testFrameworkState: 'LOG',
      timestamp: '2026-01-07T11:17:27.207Z',
      uuid: '98d18643-4477-410c-9d04-11a8b6533791',
      kind: 'TEST_LOG',
      message: '"\\tat java.base/java.util.stream.AbstractPipeline.copyInto(AbstractPipeline.java:513)"',
      level: 'ERROR',
      test_run_uuid: '98d18643-4477-410c-9d04-11a8b6533791'
    }
  ]
} to 23336:0
2026-01-07T11:17:27.226Z CLI info [testhub:request-queue-handler]  [adarshsreeram_y1cpaK]  [ijrxrzax5a72drlzgwjztj31bqxxpjzts7tyd8fj]  [79d3b0f6-db39-463a-8af4-c16f237df0a5]  Added the event {
  event_type: 'LogCreated',
  logs: [
    {
      testFrameworkName: 'java-generic',
      testFrameworkVersion: '18.0.2.1',
      testFrameworkState: 'LOG',
      timestamp: '2026-01-07T11:17:27.225Z',
      uuid: '98d18643-4477-410c-9d04-11a8b6533791',
      kind: 'TEST_LOG',
      message: '"\\tat java.base/java.util.stream.AbstractPipeline.wrapAndCopyInto(AbstractPipeline.java:499)"',
      level: 'ERROR',
      test_run_uuid: '98d18643-4477-410c-9d04-11a8b6533791'
    }
  ]
} to 23336:0
2026-01-07T11:17:27.239Z CLI info [testhub:request-queue-handler]  [adarshsreeram_y1cpaK]  [ijrxrzax5a72drlzgwjztj31bqxxpjzts7tyd8fj]  [79d3b0f6-db39-463a-8af4-c16f237df0a5]  Added the event {
  event_type: 'LogCreated',
  logs: [
    {
      testFrameworkName: 'java-generic',
      testFrameworkVersion: '18.0.2.1',
      testFrameworkState: 'LOG',
      timestamp: '2026-01-07T11:17:27.234Z',
      uuid: '98d18643-4477-410c-9d04-11a8b6533791',
      kind: 'TEST_LOG',
      message: '"\\tat java.base/java.util.stream.FindOps$FindOp.evaluateSequential(FindOps.java:150)"',
      level: 'ERROR',
      test_run_uuid: '98d18643-4477-410c-9d04-11a8b6533791'
    }
  ]
} to 23336:0
2026-01-07T11:17:27.267Z CLI info [testhub:request-queue-handler]  [adarshsreeram_y1cpaK]  [ijrxrzax5a72drlzgwjztj31bqxxpjzts7tyd8fj]  [79d3b0f6-db39-463a-8af4-c16f237df0a5]  Added the event {
  event_type: 'LogCreated',
  logs: [
    {
      testFrameworkName: 'java-generic',
      testFrameworkVersion: '18.0.2.1',
      testFrameworkState: 'LOG',
      timestamp: '2026-01-07T11:17:27.260Z',
      uuid: '98d18643-4477-410c-9d04-11a8b6533791',
      kind: 'TEST_LOG',
      message: '"\\tat java.base/java.util.stream.AbstractPipeline.evaluate(AbstractPipeline.java:234)"',
      level: 'ERROR',
      test_run_uuid: '98d18643-4477-410c-9d04-11a8b6533791'
    }
  ]
} to 23336:0
2026-01-07T11:17:27.278Z CLI info [testhub:request-queue-handler]  [adarshsreeram_y1cpaK]  [ijrxrzax5a72drlzgwjztj31bqxxpjzts7tyd8fj]  [79d3b0f6-db39-463a-8af4-c16f237df0a5]  Added the event {
  event_type: 'LogCreated',
  logs: [
    {
      testFrameworkName: 'java-generic',
      testFrameworkVersion: '18.0.2.1',
      testFrameworkState: 'LOG',
      timestamp: '2026-01-07T11:17:27.276Z',
      uuid: '98d18643-4477-410c-9d04-11a8b6533791',
      kind: 'TEST_LOG',
      message: '"\\tat java.base/java.util.stream.ReferencePipeline.findFirst(ReferencePipeline.java:647)"',
      level: 'ERROR',
      test_run_uuid: '98d18643-4477-410c-9d04-11a8b6533791'
    }
  ]
} to 23336:0
2026-01-07T11:17:27.288Z CLI info [testhub:request-queue-handler]  [adarshsreeram_y1cpaK]  [ijrxrzax5a72drlzgwjztj31bqxxpjzts7tyd8fj]  [79d3b0f6-db39-463a-8af4-c16f237df0a5]  Added the event {
  event_type: 'LogCreated',
  logs: [
    {
      testFrameworkName: 'java-generic',
      testFrameworkVersion: '18.0.2.1',
      testFrameworkState: 'LOG',
      timestamp: '2026-01-07T11:17:27.285Z',
      uuid: '98d18643-4477-410c-9d04-11a8b6533791',
      kind: 'TEST_LOG',
      message: '"\\tat org.openqa.selenium.remote.ProtocolHandshake.createSession(ProtocolHandshake.java:122)"',
      level: 'ERROR',
      test_run_uuid: '98d18643-4477-410c-9d04-11a8b6533791'
    }
  ]
} to 23336:0
2026-01-07T11:17:27.306Z CLI info [testhub:request-queue-handler]  [adarshsreeram_y1cpaK]  [ijrxrzax5a72drlzgwjztj31bqxxpjzts7tyd8fj]  [79d3b0f6-db39-463a-8af4-c16f237df0a5]  Added the event {
  event_type: 'LogCreated',
  logs: [
    {
      testFrameworkName: 'java-generic',
      testFrameworkVersion: '18.0.2.1',
      testFrameworkState: 'LOG',
      timestamp: '2026-01-07T11:17:27.298Z',
      uuid: '98d18643-4477-410c-9d04-11a8b6533791',
      kind: 'TEST_LOG',
      message: '"\\tat org.openqa.selenium.remote.ProtocolHandshake.createSession(ProtocolHandshake.java:75)"',
      level: 'ERROR',
      test_run_uuid: '98d18643-4477-410c-9d04-11a8b6533791'
    }
  ]
} to 23336:0
2026-01-07T11:17:27.319Z CLI info [testhub:request-queue-handler]  [adarshsreeram_y1cpaK]  [ijrxrzax5a72drlzgwjztj31bqxxpjzts7tyd8fj]  [79d3b0f6-db39-463a-8af4-c16f237df0a5]  Added the event {
  event_type: 'LogCreated',
  logs: [
    {
      testFrameworkName: 'java-generic',
      testFrameworkVersion: '18.0.2.1',
      testFrameworkState: 'LOG',
      timestamp: '2026-01-07T11:17:27.315Z',
      uuid: '98d18643-4477-410c-9d04-11a8b6533791',
      kind: 'TEST_LOG',
      message: '"\\tat org.openqa.selenium.remote.ProtocolHandshake.createSession(ProtocolHandshake.java:61)"',
      level: 'ERROR',
      test_run_uuid: '98d18643-4477-410c-9d04-11a8b6533791'
    }
  ]
} to 23336:0
2026-01-07T11:17:27.332Z CLI info [testhub:request-queue-handler]  [adarshsreeram_y1cpaK]  [ijrxrzax5a72drlzgwjztj31bqxxpjzts7tyd8fj]  [79d3b0f6-db39-463a-8af4-c16f237df0a5]  Added the event {
  event_type: 'LogCreated',
  logs: [
    {
      testFrameworkName: 'java-generic',
      testFrameworkVersion: '18.0.2.1',
      testFrameworkState: 'LOG',
      timestamp: '2026-01-07T11:17:27.327Z',
      uuid: '98d18643-4477-410c-9d04-11a8b6533791',
      kind: 'TEST_LOG',
      message: '"\\tat org.openqa.selenium.remote.HttpCommandExecutor.execute(HttpCommandExecutor.java:187)"',
      level: 'ERROR',
      test_run_uuid: '98d18643-4477-410c-9d04-11a8b6533791'
    }
  ]
} to 23336:0
2026-01-07T11:17:27.339Z CLI info [testhub:request-queue-handler]  [adarshsreeram_y1cpaK]  [ijrxrzax5a72drlzgwjztj31bqxxpjzts7tyd8fj]  [79d3b0f6-db39-463a-8af4-c16f237df0a5]  Added the event {
  event_type: 'LogCreated',
  logs: [
    {
      testFrameworkName: 'java-generic',
      testFrameworkVersion: '18.0.2.1',
      testFrameworkState: 'LOG',
      timestamp: '2026-01-07T11:17:27.337Z',
      uuid: '98d18643-4477-410c-9d04-11a8b6533791',
      kind: 'TEST_LOG',
      message: '"\\tat org.openqa.selenium.remote.RemoteWebDriver.execute(RemoteWebDriver.java:557)"',
      level: 'ERROR',
      test_run_uuid: '98d18643-4477-410c-9d04-11a8b6533791'
    }
  ]
} to 23336:0
2026-01-07T11:17:27.344Z CLI info [testhub:request-queue-handler]  [adarshsreeram_y1cpaK]  [ijrxrzax5a72drlzgwjztj31bqxxpjzts7tyd8fj]  [79d3b0f6-db39-463a-8af4-c16f237df0a5]  Added the event {
  event_type: 'LogCreated',
  logs: [
    {
      testFrameworkName: 'java-generic',
      testFrameworkVersion: '18.0.2.1',
      testFrameworkState: 'LOG',
      timestamp: '2026-01-07T11:17:27.342Z',
      uuid: '98d18643-4477-410c-9d04-11a8b6533791',
      kind: 'TEST_LOG',
      message: '"\\t... 7 more"',
      level: 'ERROR',
      test_run_uuid: '98d18643-4477-410c-9d04-11a8b6533791'
    }
  ]
} to 23336:0
2026-01-07T11:17:29.041Z CLI info [testhub:request-queue-handler]  [adarshsreeram_y1cpaK]  [ijrxrzax5a72drlzgwjztj31bqxxpjzts7tyd8fj]  [79d3b0f6-db39-463a-8af4-c16f237df0a5]  Processing batch event [
  { event_type: 'LogCreated', logs: [ [Object] ] },
  { event_type: 'LogCreated', logs: [ [Object] ] },
  { event_type: 'LogCreated', logs: [ [Object] ] },
  { event_type: 'LogCreated', logs: [ [Object] ] },
  { event_type: 'LogCreated', logs: [ [Object] ] },
  { event_type: 'LogCreated', logs: [ [Object] ] },
  { event_type: 'LogCreated', logs: [ [Object] ] },
  { event_type: 'LogCreated', logs: [ [Object] ] },
  { event_type: 'LogCreated', logs: [ [Object] ] },
  { event_type: 'LogCreated', logs: [ [Object] ] },
  { event_type: 'LogCreated', logs: [ [Object] ] },
  { event_type: 'LogCreated', logs: [ [Object] ] },
  { event_type: 'LogCreated', logs: [ [Object] ] },
  { event_type: 'LogCreated', logs: [ [Object] ] },
  { event_type: 'LogCreated', logs: [ [Object] ] },
  { event_type: 'LogCreated', logs: [ [Object] ] },
  { event_type: 'LogCreated', logs: [ [Object] ] },
  { event_type: 'LogCreated', logs: [ [Object] ] },
  { event_type: 'LogCreated', logs: [ [Object] ] },
  { event_type: 'LogCreated', logs: [ [Object] ] },
  { event_type: 'LogCreated', logs: [ [Object] ] },
  { event_type: 'LogCreated', logs: [ [Object] ] },
  { event_type: 'LogCreated', logs: [ [Object] ] },
  { event_type: 'LogCreated', logs: [ [Object] ] }
] to 23336:0
2026-01-07T11:17:29.047Z CLI info  [adarshsreeram_y1cpaK]  [ijrxrzax5a72drlzgwjztj31bqxxpjzts7tyd8fj]  [79d3b0f6-db39-463a-8af4-c16f237df0a5]  [PRODUCTION] Making POST request to https://collector-observability.browserstack.com
2026-01-07T11:17:29.978Z CLI info  [adarshsreeram_y1cpaK]  [ijrxrzax5a72drlzgwjztj31bqxxpjzts7tyd8fj]  [79d3b0f6-db39-463a-8af4-c16f237df0a5]  [PRODUCTION] Making PUT request to https://collector-observability.browserstack.com
2026-01-07T11:17:30.801Z CLI info [testhub:module]  [adarshsreeram_y1cpaK]  [ijrxrzax5a72drlzgwjztj31bqxxpjzts7tyd8fj]  [79d3b0f6-db39-463a-8af4-c16f237df0a5]  stopBuild: ijrxrzax5a72drlzgwjztj31bqxxpjzts7tyd8fj request={"finished_at":"2026-01-07T11:17:27.947Z","finished_metadata":[],"custom_metadata":{}} response={"data":""}
2026-01-07T11:17:30.807Z CLI info  [adarshsreeram_y1cpaK]  [ijrxrzax5a72drlzgwjztj31bqxxpjzts7tyd8fj]  [79d3b0f6-db39-463a-8af4-c16f237df0a5]  [PRODUCTION] Making POST request to https://api.browserstack.com
2026-01-07T11:17:30.815Z CLI info [TEST REPORTING AND ANALYTICS:module]  [adarshsreeram_y1cpaK]  [ijrxrzax5a72drlzgwjztj31bqxxpjzts7tyd8fj]  [79d3b0f6-db39-463a-8af4-c16f237df0a5]  Visit https://automation.browserstack.com/builds/ijrxrzax5a72drlzgwjztj31bqxxpjzts7tyd8fj to view build report, insights, and many more debugging information all at one place!
2026-01-07T11:17:31.179Z CLI info  [adarshsreeram_y1cpaK]  [ijrxrzax5a72drlzgwjztj31bqxxpjzts7tyd8fj]  [79d3b0f6-db39-463a-8af4-c16f237df0a5]  [PRODUCTION] Making GET request to https://api.browserstack.com
2026-01-07T11:17:31.653Z CLI info  [adarshsreeram_y1cpaK]  [ijrxrzax5a72drlzgwjztj31bqxxpjzts7tyd8fj]  [79d3b0f6-db39-463a-8af4-c16f237df0a5]  [PRODUCTION] Making POST request to https://eds.browserstack.com
2026-01-07T11:17:32.889Z CLI info [main]  [adarshsreeram_y1cpaK]  [ijrxrzax5a72drlzgwjztj31bqxxpjzts7tyd8fj]  [79d3b0f6-db39-463a-8af4-c16f237df0a5]  Received graceful signal termination, performing cleanup
2026-01-09T04:05:38.096Z CLI info [main]     Server listening on port: 5400
2026-01-09T04:05:38.649Z CLI info     Config : {"userName":"[REDACTED]","accessKey":"[REDACTED]","framework":"java-generic","platforms":[{"os":"Windows","osVersion":"10","browserName":"Chrome","browserVersion":"120.0"}],"buildName":"bstack-java-demo","buildIdentifier":"#${BUILD_NUMBER}","projectName":"BrowserStack Vanilla JAVA Sample 2","testObservability":true,"debug":true,"networkLogs":true,"consoleLogs":"info"}
2026-01-09T04:05:38.666Z CLI info     Should start debug utility: undefined
2026-01-09T04:05:38.677Z CLI info [testhub:module]  [adarshsreeram_y1cpaK]   [19d7f298-3f61-4f89-a1ce-35965b065794]  Starting testhub from 42221:0
2026-01-09T04:05:38.685Z CLI info  [adarshsreeram_y1cpaK]   [19d7f298-3f61-4f89-a1ce-35965b065794]  [PRODUCTION] Making POST request to https://sdk.browserstack.com
2026-01-09T04:05:39.586Z CLI info [testhub:module]  [adarshsreeram_y1cpaK]   [19d7f298-3f61-4f89-a1ce-35965b065794]  startBuild: response=n7su8xcu1jvsqvsu3uxf79xkker1952ztq7wup9j
2026-01-09T04:05:39.593Z CLI info  [adarshsreeram_y1cpaK]  [n7su8xcu1jvsqvsu3uxf79xkker1952ztq7wup9j]  [19d7f298-3f61-4f89-a1ce-35965b065794]  [PRODUCTION] Making POST request to https://api.browserstack.com
2026-01-09T04:05:40.148Z CLI info  [adarshsreeram_y1cpaK]  [n7su8xcu1jvsqvsu3uxf79xkker1952ztq7wup9j]  [19d7f298-3f61-4f89-a1ce-35965b065794]  [PRODUCTION] Making GET request to https://hub.browserstack.com
2026-01-09T04:05:40.494Z CLI info  [adarshsreeram_y1cpaK]  [n7su8xcu1jvsqvsu3uxf79xkker1952ztq7wup9j]  [19d7f298-3f61-4f89-a1ce-35965b065794]  [PRODUCTION] Making GET request to https://hub-aps.browserstack.com
2026-01-09T04:05:40.708Z CLI info  [adarshsreeram_y1cpaK]  [n7su8xcu1jvsqvsu3uxf79xkker1952ztq7wup9j]  [19d7f298-3f61-4f89-a1ce-35965b065794]  [PRODUCTION] Making GET request to https://hub-euw.browserstack.com
2026-01-09T04:05:41.622Z CLI info  [adarshsreeram_y1cpaK]  [n7su8xcu1jvsqvsu3uxf79xkker1952ztq7wup9j]  [19d7f298-3f61-4f89-a1ce-35965b065794]  [PRODUCTION] Making GET request to https://hub-apse.browserstack.com
2026-01-09T04:05:50.487Z CLI info [testhub:request-queue-handler]  [adarshsreeram_y1cpaK]  [n7su8xcu1jvsqvsu3uxf79xkker1952ztq7wup9j]  [19d7f298-3f61-4f89-a1ce-35965b065794]  Added the event {
  event_type: 'LogCreated',
  logs: [
    {
      testFrameworkName: 'java-generic',
      testFrameworkVersion: '18.0.2.1',
      testFrameworkState: 'LOG',
      timestamp: '2026-01-09T04:05:50.458Z',
      uuid: 'd8c86220-3fcc-4ead-a89e-375a2865e177',
      kind: 'TEST_LOG',
      message: '"Setting up ChromeDriver"',
      level: 'INFO',
      test_run_uuid: 'd8c86220-3fcc-4ead-a89e-375a2865e177'
    }
  ]
} to 42221:0
2026-01-09T04:05:50.552Z CLI info [testhub:request-queue-handler]  [adarshsreeram_y1cpaK]  [n7su8xcu1jvsqvsu3uxf79xkker1952ztq7wup9j]  [19d7f298-3f61-4f89-a1ce-35965b065794]  Added the event {
  event_type: 'LogCreated',
  logs: [
    {
      testFrameworkName: 'java-generic',
      testFrameworkVersion: '18.0.2.1',
      testFrameworkState: 'LOG',
      timestamp: '2026-01-09T04:05:50.543Z',
      uuid: 'd8c86220-3fcc-4ead-a89e-375a2865e177',
      kind: 'TEST_LOG',
      message: '"SLF4J(W): No SLF4J providers were found."',
      level: 'ERROR',
      test_run_uuid: 'd8c86220-3fcc-4ead-a89e-375a2865e177'
    }
  ]
} to 42221:0
2026-01-09T04:05:50.570Z CLI info [testhub:request-queue-handler]  [adarshsreeram_y1cpaK]  [n7su8xcu1jvsqvsu3uxf79xkker1952ztq7wup9j]  [19d7f298-3f61-4f89-a1ce-35965b065794]  Added the event {
  event_type: 'LogCreated',
  logs: [
    {
      testFrameworkName: 'java-generic',
      testFrameworkVersion: '18.0.2.1',
      testFrameworkState: 'LOG',
      timestamp: '2026-01-09T04:05:50.566Z',
      uuid: 'd8c86220-3fcc-4ead-a89e-375a2865e177',
      kind: 'TEST_LOG',
      message: '"SLF4J(W): Defaulting to no-operation (NOP) logger implementation"',
      level: 'ERROR',
      test_run_uuid: 'd8c86220-3fcc-4ead-a89e-375a2865e177'
    }
  ]
} to 42221:0
2026-01-09T04:05:50.589Z CLI info [testhub:request-queue-handler]  [adarshsreeram_y1cpaK]  [n7su8xcu1jvsqvsu3uxf79xkker1952ztq7wup9j]  [19d7f298-3f61-4f89-a1ce-35965b065794]  Added the event {
  event_type: 'LogCreated',
  logs: [
    {
      testFrameworkName: 'java-generic',
      testFrameworkVersion: '18.0.2.1',
      testFrameworkState: 'LOG',
      timestamp: '2026-01-09T04:05:50.584Z',
      uuid: 'd8c86220-3fcc-4ead-a89e-375a2865e177',
      kind: 'TEST_LOG',
      message: '"SLF4J(W): See https://www.slf4j.org/codes.html#noProviders for further details."',
      level: 'ERROR',
      test_run_uuid: 'd8c86220-3fcc-4ead-a89e-375a2865e177'
    }
  ]
} to 42221:0
2026-01-09T04:05:51.597Z CLI info [testhub:request-queue-handler]  [adarshsreeram_y1cpaK]  [n7su8xcu1jvsqvsu3uxf79xkker1952ztq7wup9j]  [19d7f298-3f61-4f89-a1ce-35965b065794]  Processing batch event [
  { event_type: 'LogCreated', logs: [ [Object] ] },
  { event_type: 'LogCreated', logs: [ [Object] ] },
  { event_type: 'LogCreated', logs: [ [Object] ] },
  { event_type: 'LogCreated', logs: [ [Object] ] }
] to 42221:0
2026-01-09T04:05:51.598Z CLI info  [adarshsreeram_y1cpaK]  [n7su8xcu1jvsqvsu3uxf79xkker1952ztq7wup9j]  [19d7f298-3f61-4f89-a1ce-35965b065794]  [PRODUCTION] Making POST request to https://collector-observability.browserstack.com
2026-01-09T04:06:23.661Z CLI info [sdk:service]  [adarshsreeram_y1cpaK]  [n7su8xcu1jvsqvsu3uxf79xkker1952ztq7wup9j]  [19d7f298-3f61-4f89-a1ce-35965b065794]  Driver initialized as primary driver: platformIndex=0
2026-01-09T04:06:32.590Z CLI info [testhub:request-queue-handler]  [adarshsreeram_y1cpaK]  [n7su8xcu1jvsqvsu3uxf79xkker1952ztq7wup9j]  [19d7f298-3f61-4f89-a1ce-35965b065794]  Added the event {
  event_type: 'CBTSessionCreated',
  test_run: {
    uuid: '4d0d5476-25d5-48d5-ad87-c48f92964701',
    integrations: { browserstack: [Object] }
  }
} to 42221:0
2026-01-09T04:06:32.629Z CLI info [testhub:request-queue-handler]  [adarshsreeram_y1cpaK]  [n7su8xcu1jvsqvsu3uxf79xkker1952ztq7wup9j]  [19d7f298-3f61-4f89-a1ce-35965b065794]  Added the event {
  event_type: 'TestRunStarted',
  test_run: {
    type: 'test',
    framework: 'java-generic',
    uuid: '4d0d5476-25d5-48d5-ad87-c48f92964701',
    name: 'Open BstackDemo and SignIN',
    body: {
      lang: 'java',
      code: 'public static void startTest() {\n' +
        '        getTestClient().start();\n' +
        '    }'
    },
    identifier: 'Open BstackDemo and SignIN',
    scope: 'bstackDemoTest',
    scopes: [ 'test', 'java', 'bstackDemoTest' ],
    file_name: 'src/main/java/utils/TestClientManager.java',
    vc_filepath: 'src/main/java/utils/TestClientManager.java',
    location: 'src/main/java/utils/TestClientManager.java',
    meta: {
      agent_version: 'java-generic-javaagent/1.50.0',
      cbt_session_linked: false,
      manual_integration: true,
      test_type: 'functional',
      test_framework: 'java-generic'
    },
    result: 'pending',
    duration_in_ms: null,
    started_at: '2026-01-09T04:06:32.516Z',
    failure: undefined,
    failure_type: undefined,
    failure_reason: undefined,
    retry_of: null,
    custom_metadata: {},
    tags: [],
    customRerunParam: { rerun_name: 'java-test' },
    hooks: [],
    product_map: {
      observability: true,
      accessibility: false,
      percy: false,
      automate: true,
      app_automate: false,
      lts: false
    }
  },
  logs: []
} to 42221:0
2026-01-09T04:06:33.617Z CLI info [testhub:request-queue-handler]  [adarshsreeram_y1cpaK]  [n7su8xcu1jvsqvsu3uxf79xkker1952ztq7wup9j]  [19d7f298-3f61-4f89-a1ce-35965b065794]  Processing batch event [
  {
    event_type: 'CBTSessionCreated',
    test_run: {
      uuid: '4d0d5476-25d5-48d5-ad87-c48f92964701',
      integrations: [Object]
    }
  },
  {
    event_type: 'TestRunStarted',
    test_run: {
      type: 'test',
      framework: 'java-generic',
      uuid: '4d0d5476-25d5-48d5-ad87-c48f92964701',
      name: 'Open BstackDemo and SignIN',
      body: [Object],
      identifier: 'Open BstackDemo and SignIN',
      scope: 'bstackDemoTest',
      scopes: [Array],
      file_name: 'src/main/java/utils/TestClientManager.java',
      vc_filepath: 'src/main/java/utils/TestClientManager.java',
      location: 'src/main/java/utils/TestClientManager.java',
      meta: [Object],
      result: 'pending',
      duration_in_ms: null,
      started_at: '2026-01-09T04:06:32.516Z',
      failure: undefined,
      failure_type: undefined,
      failure_reason: undefined,
      retry_of: null,
      custom_metadata: {},
      tags: [],
      customRerunParam: [Object],
      hooks: [],
      product_map: [Object]
    },
    logs: []
  }
] to 42221:0
2026-01-09T04:06:33.618Z CLI info  [adarshsreeram_y1cpaK]  [n7su8xcu1jvsqvsu3uxf79xkker1952ztq7wup9j]  [19d7f298-3f61-4f89-a1ce-35965b065794]  [PRODUCTION] Making POST request to https://collector-observability.browserstack.com
2026-01-09T04:06:33.629Z CLI info [testhub:request-queue-handler]  [adarshsreeram_y1cpaK]  [n7su8xcu1jvsqvsu3uxf79xkker1952ztq7wup9j]  [19d7f298-3f61-4f89-a1ce-35965b065794]  Added the event {
  event_type: 'LogCreated',
  logs: [
    {
      testFrameworkName: 'java-generic',
      testFrameworkVersion: '18.0.2.1',
      testFrameworkState: 'LOG',
      timestamp: '2026-01-09T04:06:33.614Z',
      uuid: '4d0d5476-25d5-48d5-ad87-c48f92964701',
      kind: 'TEST_LOG',
      message: '"Opening https://bstackdemo.com/"',
      level: 'INFO',
      test_run_uuid: '4d0d5476-25d5-48d5-ad87-c48f92964701'
    }
  ]
} to 42221:0
2026-01-09T04:06:34.483Z CLI info [testhub:request-queue-handler]  [adarshsreeram_y1cpaK]  [n7su8xcu1jvsqvsu3uxf79xkker1952ztq7wup9j]  [19d7f298-3f61-4f89-a1ce-35965b065794]  Added the event {
  event_type: 'LogCreated',
  logs: [
    {
      testFrameworkName: 'java-generic',
      testFrameworkVersion: '18.0.2.1',
      testFrameworkState: 'LOG',
      timestamp: '2026-01-09T04:06:34.471Z',
      uuid: '4d0d5476-25d5-48d5-ad87-c48f92964701',
      kind: 'TEST_LOG',
      message: '"Waiting for page to load"',
      level: 'INFO',
      test_run_uuid: '4d0d5476-25d5-48d5-ad87-c48f92964701'
    }
  ]
} to 42221:0
2026-01-09T04:06:35.622Z CLI info [testhub:request-queue-handler]  [adarshsreeram_y1cpaK]  [n7su8xcu1jvsqvsu3uxf79xkker1952ztq7wup9j]  [19d7f298-3f61-4f89-a1ce-35965b065794]  Processing batch event [
  { event_type: 'LogCreated', logs: [ [Object] ] },
  { event_type: 'LogCreated', logs: [ [Object] ] }
] to 42221:0
2026-01-09T04:06:35.626Z CLI info  [adarshsreeram_y1cpaK]  [n7su8xcu1jvsqvsu3uxf79xkker1952ztq7wup9j]  [19d7f298-3f61-4f89-a1ce-35965b065794]  [PRODUCTION] Making POST request to https://collector-observability.browserstack.com
2026-01-09T04:06:36.657Z CLI info [testhub:request-queue-handler]  [adarshsreeram_y1cpaK]  [n7su8xcu1jvsqvsu3uxf79xkker1952ztq7wup9j]  [19d7f298-3f61-4f89-a1ce-35965b065794]  Added the event {
  event_type: 'LogCreated',
  logs: [
    {
      testFrameworkName: 'java-generic',
      testFrameworkVersion: '18.0.2.1',
      testFrameworkState: 'LOG',
      timestamp: '2026-01-09T04:06:36.644Z',
      uuid: '4d0d5476-25d5-48d5-ad87-c48f92964701',
      kind: 'TEST_LOG',
      message: `"Locating Sign In element with ID 'signin'"`,
      level: 'INFO',
      test_run_uuid: '4d0d5476-25d5-48d5-ad87-c48f92964701'
    }
  ]
} to 42221:0
2026-01-09T04:06:37.011Z CLI info [testhub:request-queue-handler]  [adarshsreeram_y1cpaK]  [n7su8xcu1jvsqvsu3uxf79xkker1952ztq7wup9j]  [19d7f298-3f61-4f89-a1ce-35965b065794]  Added the event {
  event_type: 'LogCreated',
  logs: [
    {
      testFrameworkName: 'java-generic',
      testFrameworkVersion: '18.0.2.1',
      testFrameworkState: 'LOG',
      timestamp: '2026-01-09T04:06:37.008Z',
      uuid: '4d0d5476-25d5-48d5-ad87-c48f92964701',
      kind: 'TEST_LOG',
      message: '"Verifying Sign In element properties"',
      level: 'INFO',
      test_run_uuid: '4d0d5476-25d5-48d5-ad87-c48f92964701'
    }
  ]
} to 42221:0
2026-01-09T04:06:37.105Z CLI info [testhub:request-queue-handler]  [adarshsreeram_y1cpaK]  [n7su8xcu1jvsqvsu3uxf79xkker1952ztq7wup9j]  [19d7f298-3f61-4f89-a1ce-35965b065794]  Added the event {
  event_type: 'LogCreated',
  logs: [
    {
      testFrameworkName: 'java-generic',
      testFrameworkVersion: '18.0.2.1',
      testFrameworkState: 'LOG',
      timestamp: '2026-01-09T04:06:37.101Z',
      uuid: '4d0d5476-25d5-48d5-ad87-c48f92964701',
      kind: 'TEST_LOG',
      message: '"Element text: Sign In"',
      level: 'INFO',
      test_run_uuid: '4d0d5476-25d5-48d5-ad87-c48f92964701'
    }
  ]
} to 42221:0
2026-01-09T04:06:37.201Z CLI info [testhub:request-queue-handler]  [adarshsreeram_y1cpaK]  [n7su8xcu1jvsqvsu3uxf79xkker1952ztq7wup9j]  [19d7f298-3f61-4f89-a1ce-35965b065794]  Added the event {
  event_type: 'LogCreated',
  logs: [
    {
      testFrameworkName: 'java-generic',
      testFrameworkVersion: '18.0.2.1',
      testFrameworkState: 'LOG',
      timestamp: '2026-01-09T04:06:37.194Z',
      uuid: '4d0d5476-25d5-48d5-ad87-c48f92964701',
      kind: 'TEST_LOG',
      message: '"Element is displayed: true"',
      level: 'INFO',
      test_run_uuid: '4d0d5476-25d5-48d5-ad87-c48f92964701'
    }
  ]
} to 42221:0
2026-01-09T04:06:37.277Z CLI info [testhub:request-queue-handler]  [adarshsreeram_y1cpaK]  [n7su8xcu1jvsqvsu3uxf79xkker1952ztq7wup9j]  [19d7f298-3f61-4f89-a1ce-35965b065794]  Added the event {
  event_type: 'LogCreated',
  logs: [
    {
      testFrameworkName: 'java-generic',
      testFrameworkVersion: '18.0.2.1',
      testFrameworkState: 'LOG',
      timestamp: '2026-01-09T04:06:37.270Z',
      uuid: '4d0d5476-25d5-48d5-ad87-c48f92964701',
      kind: 'TEST_LOG',
      message: '"Element is enabled: true"',
      level: 'INFO',
      test_run_uuid: '4d0d5476-25d5-48d5-ad87-c48f92964701'
    }
  ]
} to 42221:0
2026-01-09T04:06:37.286Z CLI info [testhub:request-queue-handler]  [adarshsreeram_y1cpaK]  [n7su8xcu1jvsqvsu3uxf79xkker1952ztq7wup9j]  [19d7f298-3f61-4f89-a1ce-35965b065794]  Added the event {
  event_type: 'LogCreated',
  logs: [
    {
      testFrameworkName: 'java-generic',
      testFrameworkVersion: '18.0.2.1',
      testFrameworkState: 'LOG',
      timestamp: '2026-01-09T04:06:37.281Z',
      uuid: '4d0d5476-25d5-48d5-ad87-c48f92964701',
      kind: 'TEST_LOG',
      message: '"Clicking on Sign In element"',
      level: 'INFO',
      test_run_uuid: '4d0d5476-25d5-48d5-ad87-c48f92964701'
    }
  ]
} to 42221:0
2026-01-09T04:06:37.453Z CLI info [testhub:request-queue-handler]  [adarshsreeram_y1cpaK]  [n7su8xcu1jvsqvsu3uxf79xkker1952ztq7wup9j]  [19d7f298-3f61-4f89-a1ce-35965b065794]  Added the event {
  event_type: 'LogCreated',
  logs: [
    {
      testFrameworkName: 'java-generic',
      testFrameworkVersion: '18.0.2.1',
      testFrameworkState: 'LOG',
      timestamp: '2026-01-09T04:06:37.447Z',
      uuid: '4d0d5476-25d5-48d5-ad87-c48f92964701',
      kind: 'TEST_LOG',
      message: '"Waiting to observe result"',
      level: 'INFO',
      test_run_uuid: '4d0d5476-25d5-48d5-ad87-c48f92964701'
    }
  ]
} to 42221:0
2026-01-09T04:06:37.622Z CLI info [testhub:request-queue-handler]  [adarshsreeram_y1cpaK]  [n7su8xcu1jvsqvsu3uxf79xkker1952ztq7wup9j]  [19d7f298-3f61-4f89-a1ce-35965b065794]  Processing batch event [
  { event_type: 'LogCreated', logs: [ [Object] ] },
  { event_type: 'LogCreated', logs: [ [Object] ] },
  { event_type: 'LogCreated', logs: [ [Object] ] },
  { event_type: 'LogCreated', logs: [ [Object] ] },
  { event_type: 'LogCreated', logs: [ [Object] ] },
  { event_type: 'LogCreated', logs: [ [Object] ] },
  { event_type: 'LogCreated', logs: [ [Object] ] }
] to 42221:0
2026-01-09T04:06:37.637Z CLI info  [adarshsreeram_y1cpaK]  [n7su8xcu1jvsqvsu3uxf79xkker1952ztq7wup9j]  [19d7f298-3f61-4f89-a1ce-35965b065794]  [PRODUCTION] Making POST request to https://collector-observability.browserstack.com
2026-01-09T04:06:41.491Z CLI info [testhub:request-queue-handler]  [adarshsreeram_y1cpaK]  [n7su8xcu1jvsqvsu3uxf79xkker1952ztq7wup9j]  [19d7f298-3f61-4f89-a1ce-35965b065794]  Added the event {
  event_type: 'TestRunFinished',
  test_run: {
    type: 'test',
    framework: 'java-generic',
    uuid: '4d0d5476-25d5-48d5-ad87-c48f92964701',
    name: 'Open BstackDemo and SignIN',
    body: {
      lang: 'java',
      code: 'public static void startTest() {\n' +
        '        getTestClient().start();\n' +
        '    }'
    },
    identifier: 'Open BstackDemo and SignIN',
    scope: 'bstackDemoTest',
    scopes: [ 'test', 'java', 'bstackDemoTest' ],
    file_name: 'src/main/java/utils/TestClientManager.java',
    vc_filepath: 'src/main/java/utils/TestClientManager.java',
    location: 'src/main/java/utils/TestClientManager.java',
    meta: {
      agent_version: 'java-generic-javaagent/1.50.0',
      cbt_session_linked: false,
      manual_integration: true,
      test_type: 'functional',
      test_framework: 'java-generic'
    },
    result: 'passed',
    duration_in_ms: 7954,
    started_at: '2026-01-09T04:06:32.516Z',
    finished_at: '2026-01-09T04:06:40.470Z',
    failure: undefined,
    failure_type: undefined,
    failure_reason: undefined,
    retry_of: null,
    custom_metadata: {},
    tags: [],
    customRerunParam: { rerun_name: 'java-test' },
    hooks: [],
    product_map: {
      observability: true,
      accessibility: false,
      percy: false,
      automate: true,
      app_automate: false,
      lts: false
    }
  },
  logs: []
} to 42221:0
2026-01-09T04:06:41.512Z CLI info [testhub:request-queue-handler]  [adarshsreeram_y1cpaK]  [n7su8xcu1jvsqvsu3uxf79xkker1952ztq7wup9j]  [19d7f298-3f61-4f89-a1ce-35965b065794]  Added the event {
  event_type: 'LogCreated',
  logs: [
    {
      testFrameworkName: 'java-generic',
      testFrameworkVersion: '18.0.2.1',
      testFrameworkState: 'LOG',
      timestamp: '2026-01-09T04:06:41.506Z',
      uuid: '4d0d5476-25d5-48d5-ad87-c48f92964701',
      kind: 'TEST_LOG',
      message: '"Closing browser"',
      level: 'INFO',
      test_run_uuid: '4d0d5476-25d5-48d5-ad87-c48f92964701'
    }
  ]
} to 42221:0
2026-01-09T04:06:41.619Z CLI info [testhub:request-queue-handler]  [adarshsreeram_y1cpaK]  [n7su8xcu1jvsqvsu3uxf79xkker1952ztq7wup9j]  [19d7f298-3f61-4f89-a1ce-35965b065794]  Processing batch event [
  {
    event_type: 'TestRunFinished',
    test_run: {
      type: 'test',
      framework: 'java-generic',
      uuid: '4d0d5476-25d5-48d5-ad87-c48f92964701',
      name: 'Open BstackDemo and SignIN',
      body: [Object],
      identifier: 'Open BstackDemo and SignIN',
      scope: 'bstackDemoTest',
      scopes: [Array],
      file_name: 'src/main/java/utils/TestClientManager.java',
      vc_filepath: 'src/main/java/utils/TestClientManager.java',
      location: 'src/main/java/utils/TestClientManager.java',
      meta: [Object],
      result: 'passed',
      duration_in_ms: 7954,
      started_at: '2026-01-09T04:06:32.516Z',
      finished_at: '2026-01-09T04:06:40.470Z',
      failure: undefined,
      failure_type: undefined,
      failure_reason: undefined,
      retry_of: null,
      custom_metadata: {},
      tags: [],
      customRerunParam: [Object],
      hooks: [],
      product_map: [Object]
    },
    logs: []
  },
  { event_type: 'LogCreated', logs: [ [Object] ] }
] to 42221:0
2026-01-09T04:06:41.620Z CLI info  [adarshsreeram_y1cpaK]  [n7su8xcu1jvsqvsu3uxf79xkker1952ztq7wup9j]  [19d7f298-3f61-4f89-a1ce-35965b065794]  [PRODUCTION] Making POST request to https://collector-observability.browserstack.com
2026-01-09T04:06:44.424Z CLI info  [adarshsreeram_y1cpaK]  [n7su8xcu1jvsqvsu3uxf79xkker1952ztq7wup9j]  [19d7f298-3f61-4f89-a1ce-35965b065794]  [PRODUCTION] Making PUT request to https://collector-observability.browserstack.com
2026-01-09T04:06:45.229Z CLI info [testhub:module]  [adarshsreeram_y1cpaK]  [n7su8xcu1jvsqvsu3uxf79xkker1952ztq7wup9j]  [19d7f298-3f61-4f89-a1ce-35965b065794]  stopBuild: n7su8xcu1jvsqvsu3uxf79xkker1952ztq7wup9j request={"finished_at":"2026-01-09T04:06:44.424Z","finished_metadata":[],"custom_metadata":{}} response={"data":""}
2026-01-09T04:06:45.235Z CLI info  [adarshsreeram_y1cpaK]  [n7su8xcu1jvsqvsu3uxf79xkker1952ztq7wup9j]  [19d7f298-3f61-4f89-a1ce-35965b065794]  [PRODUCTION] Making POST request to https://api.browserstack.com
2026-01-09T04:06:45.243Z CLI info [TEST REPORTING AND ANALYTICS:module]  [adarshsreeram_y1cpaK]  [n7su8xcu1jvsqvsu3uxf79xkker1952ztq7wup9j]  [19d7f298-3f61-4f89-a1ce-35965b065794]  Visit https://automation.browserstack.com/builds/n7su8xcu1jvsqvsu3uxf79xkker1952ztq7wup9j to view build report, insights, and many more debugging information all at one place!
2026-01-09T04:06:45.650Z CLI info  [adarshsreeram_y1cpaK]  [n7su8xcu1jvsqvsu3uxf79xkker1952ztq7wup9j]  [19d7f298-3f61-4f89-a1ce-35965b065794]  [PRODUCTION] Making GET request to https://api.browserstack.com
2026-01-09T04:06:46.004Z CLI info  [adarshsreeram_y1cpaK]  [n7su8xcu1jvsqvsu3uxf79xkker1952ztq7wup9j]  [19d7f298-3f61-4f89-a1ce-35965b065794]  [PRODUCTION] Making POST request to https://eds.browserstack.com
2026-01-09T04:06:47.210Z CLI info [main]  [adarshsreeram_y1cpaK]  [n7su8xcu1jvsqvsu3uxf79xkker1952ztq7wup9j]  [19d7f298-3f61-4f89-a1ce-35965b065794]  Received graceful signal termination, performing cleanup
2026-01-09T04:06:56.731Z CLI info [main]     Server listening on port: 5400
2026-01-09T04:06:57.391Z CLI info     Config : {"userName":"[REDACTED]","accessKey":"[REDACTED]","framework":"java-generic","platforms":[{"os":"Windows","osVersion":"10","browserName":"Chrome","browserVersion":"120.0"}],"buildName":"bstack-java-demo","buildIdentifier":"#${BUILD_NUMBER}","projectName":"BrowserStack Vanilla JAVA Sample 2","testObservability":true,"debug":true,"networkLogs":true,"consoleLogs":"info"}
2026-01-09T04:06:57.431Z CLI info     Should start debug utility: undefined
2026-01-09T04:06:57.444Z CLI info [testhub:module]  [adarshsreeram_y1cpaK]   [86a5756d-4f71-419a-b101-77c89c4f0b54]  Starting testhub from 43084:0
2026-01-09T04:06:57.450Z CLI info  [adarshsreeram_y1cpaK]   [86a5756d-4f71-419a-b101-77c89c4f0b54]  [PRODUCTION] Making POST request to https://sdk.browserstack.com
2026-01-09T04:06:58.170Z CLI info [testhub:module]  [adarshsreeram_y1cpaK]   [86a5756d-4f71-419a-b101-77c89c4f0b54]  startBuild: response=phlyjaq2gb4crgtagwxiv0ujzwnpypkdmei3toej
2026-01-09T04:06:58.178Z CLI info  [adarshsreeram_y1cpaK]  [phlyjaq2gb4crgtagwxiv0ujzwnpypkdmei3toej]  [86a5756d-4f71-419a-b101-77c89c4f0b54]  [PRODUCTION] Making POST request to https://api.browserstack.com
2026-01-09T04:06:59.539Z CLI info  [adarshsreeram_y1cpaK]  [phlyjaq2gb4crgtagwxiv0ujzwnpypkdmei3toej]  [86a5756d-4f71-419a-b101-77c89c4f0b54]  [PRODUCTION] Making GET request to https://hub.browserstack.com
2026-01-09T04:06:59.817Z CLI info  [adarshsreeram_y1cpaK]  [phlyjaq2gb4crgtagwxiv0ujzwnpypkdmei3toej]  [86a5756d-4f71-419a-b101-77c89c4f0b54]  [PRODUCTION] Making GET request to https://hub-aps.browserstack.com
2026-01-09T04:07:00.035Z CLI info  [adarshsreeram_y1cpaK]  [phlyjaq2gb4crgtagwxiv0ujzwnpypkdmei3toej]  [86a5756d-4f71-419a-b101-77c89c4f0b54]  [PRODUCTION] Making GET request to https://hub-euw.browserstack.com
2026-01-09T04:07:00.872Z CLI info  [adarshsreeram_y1cpaK]  [phlyjaq2gb4crgtagwxiv0ujzwnpypkdmei3toej]  [86a5756d-4f71-419a-b101-77c89c4f0b54]  [PRODUCTION] Making GET request to https://hub-apse.browserstack.com
2026-01-09T04:07:09.629Z CLI info [testhub:request-queue-handler]  [adarshsreeram_y1cpaK]  [phlyjaq2gb4crgtagwxiv0ujzwnpypkdmei3toej]  [86a5756d-4f71-419a-b101-77c89c4f0b54]  Added the event {
  event_type: 'LogCreated',
  logs: [
    {
      testFrameworkName: 'java-generic',
      testFrameworkVersion: '18.0.2.1',
      testFrameworkState: 'LOG',
      timestamp: '2026-01-09T04:07:09.604Z',
      uuid: 'b2448292-d489-4871-aafc-3d7910f895bf',
      kind: 'TEST_LOG',
      message: '"Setting up ChromeDriver"',
      level: 'INFO',
      test_run_uuid: 'b2448292-d489-4871-aafc-3d7910f895bf'
    }
  ]
} to 43084:0
2026-01-09T04:07:09.672Z CLI info [testhub:request-queue-handler]  [adarshsreeram_y1cpaK]  [phlyjaq2gb4crgtagwxiv0ujzwnpypkdmei3toej]  [86a5756d-4f71-419a-b101-77c89c4f0b54]  Added the event {
  event_type: 'LogCreated',
  logs: [
    {
      testFrameworkName: 'java-generic',
      testFrameworkVersion: '18.0.2.1',
      testFrameworkState: 'LOG',
      timestamp: '2026-01-09T04:07:09.664Z',
      uuid: 'b2448292-d489-4871-aafc-3d7910f895bf',
      kind: 'TEST_LOG',
      message: '"SLF4J(W): No SLF4J providers were found."',
      level: 'ERROR',
      test_run_uuid: 'b2448292-d489-4871-aafc-3d7910f895bf'
    }
  ]
} to 43084:0
2026-01-09T04:07:09.696Z CLI info [testhub:request-queue-handler]  [adarshsreeram_y1cpaK]  [phlyjaq2gb4crgtagwxiv0ujzwnpypkdmei3toej]  [86a5756d-4f71-419a-b101-77c89c4f0b54]  Added the event {
  event_type: 'LogCreated',
  logs: [
    {
      testFrameworkName: 'java-generic',
      testFrameworkVersion: '18.0.2.1',
      testFrameworkState: 'LOG',
      timestamp: '2026-01-09T04:07:09.692Z',
      uuid: 'b2448292-d489-4871-aafc-3d7910f895bf',
      kind: 'TEST_LOG',
      message: '"SLF4J(W): Defaulting to no-operation (NOP) logger implementation"',
      level: 'ERROR',
      test_run_uuid: 'b2448292-d489-4871-aafc-3d7910f895bf'
    }
  ]
} to 43084:0
2026-01-09T04:07:09.710Z CLI info [testhub:request-queue-handler]  [adarshsreeram_y1cpaK]  [phlyjaq2gb4crgtagwxiv0ujzwnpypkdmei3toej]  [86a5756d-4f71-419a-b101-77c89c4f0b54]  Added the event {
  event_type: 'LogCreated',
  logs: [
    {
      testFrameworkName: 'java-generic',
      testFrameworkVersion: '18.0.2.1',
      testFrameworkState: 'LOG',
      timestamp: '2026-01-09T04:07:09.705Z',
      uuid: 'b2448292-d489-4871-aafc-3d7910f895bf',
      kind: 'TEST_LOG',
      message: '"SLF4J(W): See https://www.slf4j.org/codes.html#noProviders for further details."',
      level: 'ERROR',
      test_run_uuid: 'b2448292-d489-4871-aafc-3d7910f895bf'
    }
  ]
} to 43084:0
2026-01-09T04:07:10.181Z CLI info [testhub:request-queue-handler]  [adarshsreeram_y1cpaK]  [phlyjaq2gb4crgtagwxiv0ujzwnpypkdmei3toej]  [86a5756d-4f71-419a-b101-77c89c4f0b54]  Processing batch event [
  { event_type: 'LogCreated', logs: [ [Object] ] },
  { event_type: 'LogCreated', logs: [ [Object] ] },
  { event_type: 'LogCreated', logs: [ [Object] ] },
  { event_type: 'LogCreated', logs: [ [Object] ] }
] to 43084:0
2026-01-09T04:07:10.182Z CLI info  [adarshsreeram_y1cpaK]  [phlyjaq2gb4crgtagwxiv0ujzwnpypkdmei3toej]  [86a5756d-4f71-419a-b101-77c89c4f0b54]  [PRODUCTION] Making POST request to https://collector-observability.browserstack.com
2026-01-09T04:07:11.412Z CLI info [sdk:service]  [adarshsreeram_y1cpaK]  [phlyjaq2gb4crgtagwxiv0ujzwnpypkdmei3toej]  [86a5756d-4f71-419a-b101-77c89c4f0b54]  Driver initialized as primary driver: platformIndex=0
2026-01-09T04:07:19.743Z CLI info [testhub:request-queue-handler]  [adarshsreeram_y1cpaK]  [phlyjaq2gb4crgtagwxiv0ujzwnpypkdmei3toej]  [86a5756d-4f71-419a-b101-77c89c4f0b54]  Added the event {
  event_type: 'CBTSessionCreated',
  test_run: {
    uuid: 'c30af328-c221-4df1-b0ad-d0e9d7ff04ce',
    integrations: { browserstack: [Object] }
  }
} to 43084:0
2026-01-09T04:07:19.778Z CLI info [testhub:request-queue-handler]  [adarshsreeram_y1cpaK]  [phlyjaq2gb4crgtagwxiv0ujzwnpypkdmei3toej]  [86a5756d-4f71-419a-b101-77c89c4f0b54]  Added the event {
  event_type: 'TestRunStarted',
  test_run: {
    type: 'test',
    framework: 'java-generic',
    uuid: 'c30af328-c221-4df1-b0ad-d0e9d7ff04ce',
    name: 'Google Search - BrowserStack',
    body: {
      lang: 'java',
      code: 'public static void startTest() {\n' +
        '        getTestClient().start();\n' +
        '    }'
    },
    identifier: 'Google Search - BrowserStack',
    scope: 'googleTest',
    scopes: [ 'test', 'java', 'googleTest' ],
    file_name: 'src/main/java/utils/TestClientManager.java',
    vc_filepath: 'src/main/java/utils/TestClientManager.java',
    location: 'src/main/java/utils/TestClientManager.java',
    meta: {
      agent_version: 'java-generic-javaagent/1.50.0',
      cbt_session_linked: false,
      manual_integration: true,
      test_type: 'functional',
      test_framework: 'java-generic'
    },
    result: 'pending',
    duration_in_ms: null,
    started_at: '2026-01-09T04:07:19.675Z',
    failure: undefined,
    failure_type: undefined,
    failure_reason: undefined,
    retry_of: null,
    custom_metadata: {},
    tags: [],
    customRerunParam: { rerun_name: 'java-test' },
    hooks: [],
    product_map: {
      observability: true,
      accessibility: false,
      percy: false,
      automate: true,
      app_automate: false,
      lts: false
    }
  },
  logs: []
} to 43084:0
2026-01-09T04:07:20.164Z CLI info [testhub:request-queue-handler]  [adarshsreeram_y1cpaK]  [phlyjaq2gb4crgtagwxiv0ujzwnpypkdmei3toej]  [86a5756d-4f71-419a-b101-77c89c4f0b54]  Added the event {
  event_type: 'LogCreated',
  logs: [
    {
      testFrameworkName: 'java-generic',
      testFrameworkVersion: '18.0.2.1',
      testFrameworkState: 'LOG',
      timestamp: '2026-01-09T04:07:20.152Z',
      uuid: 'c30af328-c221-4df1-b0ad-d0e9d7ff04ce',
      kind: 'TEST_LOG',
      message: '"Opening https://www.google.com/"',
      level: 'INFO',
      test_run_uuid: 'c30af328-c221-4df1-b0ad-d0e9d7ff04ce'
    }
  ]
} to 43084:0
2026-01-09T04:07:20.187Z CLI info [testhub:request-queue-handler]  [adarshsreeram_y1cpaK]  [phlyjaq2gb4crgtagwxiv0ujzwnpypkdmei3toej]  [86a5756d-4f71-419a-b101-77c89c4f0b54]  Processing batch event [
  {
    event_type: 'CBTSessionCreated',
    test_run: {
      uuid: 'c30af328-c221-4df1-b0ad-d0e9d7ff04ce',
      integrations: [Object]
    }
  },
  {
    event_type: 'TestRunStarted',
    test_run: {
      type: 'test',
      framework: 'java-generic',
      uuid: 'c30af328-c221-4df1-b0ad-d0e9d7ff04ce',
      name: 'Google Search - BrowserStack',
      body: [Object],
      identifier: 'Google Search - BrowserStack',
      scope: 'googleTest',
      scopes: [Array],
      file_name: 'src/main/java/utils/TestClientManager.java',
      vc_filepath: 'src/main/java/utils/TestClientManager.java',
      location: 'src/main/java/utils/TestClientManager.java',
      meta: [Object],
      result: 'pending',
      duration_in_ms: null,
      started_at: '2026-01-09T04:07:19.675Z',
      failure: undefined,
      failure_type: undefined,
      failure_reason: undefined,
      retry_of: null,
      custom_metadata: {},
      tags: [],
      customRerunParam: [Object],
      hooks: [],
      product_map: [Object]
    },
    logs: []
  },
  { event_type: 'LogCreated', logs: [ [Object] ] }
] to 43084:0
2026-01-09T04:07:20.188Z CLI info  [adarshsreeram_y1cpaK]  [phlyjaq2gb4crgtagwxiv0ujzwnpypkdmei3toej]  [86a5756d-4f71-419a-b101-77c89c4f0b54]  [PRODUCTION] Making POST request to https://collector-observability.browserstack.com
2026-01-09T04:07:22.016Z CLI info [testhub:request-queue-handler]  [adarshsreeram_y1cpaK]  [phlyjaq2gb4crgtagwxiv0ujzwnpypkdmei3toej]  [86a5756d-4f71-419a-b101-77c89c4f0b54]  Added the event {
  event_type: 'LogCreated',
  logs: [
    {
      testFrameworkName: 'java-generic',
      testFrameworkVersion: '18.0.2.1',
      testFrameworkState: 'LOG',
      timestamp: '2026-01-09T04:07:22.004Z',
      uuid: 'c30af328-c221-4df1-b0ad-d0e9d7ff04ce',
      kind: 'TEST_LOG',
      message: '"Checking for consent dialog"',
      level: 'INFO',
      test_run_uuid: 'c30af328-c221-4df1-b0ad-d0e9d7ff04ce'
    }
  ]
} to 43084:0
2026-01-09T04:07:22.186Z CLI info [testhub:request-queue-handler]  [adarshsreeram_y1cpaK]  [phlyjaq2gb4crgtagwxiv0ujzwnpypkdmei3toej]  [86a5756d-4f71-419a-b101-77c89c4f0b54]  Processing batch event [ { event_type: 'LogCreated', logs: [ [Object] ] } ] to 43084:0
2026-01-09T04:07:22.191Z CLI info  [adarshsreeram_y1cpaK]  [phlyjaq2gb4crgtagwxiv0ujzwnpypkdmei3toej]  [86a5756d-4f71-419a-b101-77c89c4f0b54]  [PRODUCTION] Making POST request to https://collector-observability.browserstack.com
2026-01-09T04:07:32.467Z CLI info [testhub:request-queue-handler]  [adarshsreeram_y1cpaK]  [phlyjaq2gb4crgtagwxiv0ujzwnpypkdmei3toej]  [86a5756d-4f71-419a-b101-77c89c4f0b54]  Added the event {
  event_type: 'LogCreated',
  logs: [
    {
      testFrameworkName: 'java-generic',
      testFrameworkVersion: '18.0.2.1',
      testFrameworkState: 'LOG',
      timestamp: '2026-01-09T04:07:32.447Z',
      uuid: 'c30af328-c221-4df1-b0ad-d0e9d7ff04ce',
      kind: 'TEST_LOG',
      message: '"No consent dialog detected"',
      level: 'INFO',
      test_run_uuid: 'c30af328-c221-4df1-b0ad-d0e9d7ff04ce'
    }
  ]
} to 43084:0
2026-01-09T04:07:32.480Z CLI info [testhub:request-queue-handler]  [adarshsreeram_y1cpaK]  [phlyjaq2gb4crgtagwxiv0ujzwnpypkdmei3toej]  [86a5756d-4f71-419a-b101-77c89c4f0b54]  Added the event {
  event_type: 'LogCreated',
  logs: [
    {
      testFrameworkName: 'java-generic',
      testFrameworkVersion: '18.0.2.1',
      testFrameworkState: 'LOG',
      timestamp: '2026-01-09T04:07:32.476Z',
      uuid: 'c30af328-c221-4df1-b0ad-d0e9d7ff04ce',
      kind: 'TEST_LOG',
      message: `"Searching for 'Browserstack'"`,
      level: 'INFO',
      test_run_uuid: 'c30af328-c221-4df1-b0ad-d0e9d7ff04ce'
    }
  ]
} to 43084:0
2026-01-09T04:07:34.193Z CLI info [testhub:request-queue-handler]  [adarshsreeram_y1cpaK]  [phlyjaq2gb4crgtagwxiv0ujzwnpypkdmei3toej]  [86a5756d-4f71-419a-b101-77c89c4f0b54]  Processing batch event [
  { event_type: 'LogCreated', logs: [ [Object] ] },
  { event_type: 'LogCreated', logs: [ [Object] ] }
] to 43084:0
2026-01-09T04:07:34.195Z CLI info  [adarshsreeram_y1cpaK]  [phlyjaq2gb4crgtagwxiv0ujzwnpypkdmei3toej]  [86a5756d-4f71-419a-b101-77c89c4f0b54]  [PRODUCTION] Making POST request to https://collector-observability.browserstack.com
2026-01-09T04:07:36.252Z CLI info [testhub:request-queue-handler]  [adarshsreeram_y1cpaK]  [phlyjaq2gb4crgtagwxiv0ujzwnpypkdmei3toej]  [86a5756d-4f71-419a-b101-77c89c4f0b54]  Added the event {
  event_type: 'LogCreated',
  logs: [
    {
      testFrameworkName: 'java-generic',
      testFrameworkVersion: '18.0.2.1',
      testFrameworkState: 'LOG',
      timestamp: '2026-01-09T04:07:36.248Z',
      uuid: 'c30af328-c221-4df1-b0ad-d0e9d7ff04ce',
      kind: 'TEST_LOG',
      message: '"Waiting for search results"',
      level: 'INFO',
      test_run_uuid: 'c30af328-c221-4df1-b0ad-d0e9d7ff04ce'
    }
  ]
} to 43084:0
2026-01-09T04:07:36.974Z CLI info [testhub:request-queue-handler]  [adarshsreeram_y1cpaK]  [phlyjaq2gb4crgtagwxiv0ujzwnpypkdmei3toej]  [86a5756d-4f71-419a-b101-77c89c4f0b54]  Added the event {
  event_type: 'LogCreated',
  logs: [
    {
      testFrameworkName: 'java-generic',
      testFrameworkVersion: '18.0.2.1',
      testFrameworkState: 'LOG',
      timestamp: '2026-01-09T04:07:36.968Z',
      uuid: 'c30af328-c221-4df1-b0ad-d0e9d7ff04ce',
      kind: 'TEST_LOG',
      message: '"Clicking the first search result"',
      level: 'INFO',
      test_run_uuid: 'c30af328-c221-4df1-b0ad-d0e9d7ff04ce'
    }
  ]
} to 43084:0
2026-01-09T04:07:38.198Z CLI info [testhub:request-queue-handler]  [adarshsreeram_y1cpaK]  [phlyjaq2gb4crgtagwxiv0ujzwnpypkdmei3toej]  [86a5756d-4f71-419a-b101-77c89c4f0b54]  Processing batch event [
  { event_type: 'LogCreated', logs: [ [Object] ] },
  { event_type: 'LogCreated', logs: [ [Object] ] }
] to 43084:0
2026-01-09T04:07:38.201Z CLI info  [adarshsreeram_y1cpaK]  [phlyjaq2gb4crgtagwxiv0ujzwnpypkdmei3toej]  [86a5756d-4f71-419a-b101-77c89c4f0b54]  [PRODUCTION] Making POST request to https://collector-observability.browserstack.com
2026-01-09T04:07:47.118Z CLI info [testhub:request-queue-handler]  [adarshsreeram_y1cpaK]  [phlyjaq2gb4crgtagwxiv0ujzwnpypkdmei3toej]  [86a5756d-4f71-419a-b101-77c89c4f0b54]  Added the event {
  event_type: 'LogCreated',
  logs: [
    {
      testFrameworkName: 'java-generic',
      testFrameworkVersion: '18.0.2.1',
      testFrameworkState: 'LOG',
      timestamp: '2026-01-09T04:07:47.107Z',
      uuid: 'c30af328-c221-4df1-b0ad-d0e9d7ff04ce',
      kind: 'TEST_LOG',
      message: `"Test failed with error: Expected condition failed: waiting for element to be clickable: By.cssSelector: h3 (tried for 10 second(s) with 500 milliseconds interval)\\nBuild info: version: '4.35.0', revision: '1c58e5028b'\\nSystem info: os.name: 'Mac OS X', os.arch: 'x86_64', os.version: '13.4', java.version: '18.0.2.1'\\nDriver info: org.openqa.selenium.chrome.ChromeDriver\\nCapabilities {acceptInsecureCerts: true, browserName: chrome, browserVersion: 120.0.6099.63, chrome: {chromedriverVersion: 120.0.6099.62 (93ab19d804d4..., userDataDir: C:\\\\Windows\\\\proxy\\\\scoped_dir...}, fedcm:accounts: true, goog:chromeOptions: {debuggerAddress: localhost:9222}, networkConnectionEnabled: false, optimalHubUrl: hub-aps.browserstack.com, pageLoadStrategy: normal, platformName: windows, proxy: Proxy(), setWindowRect: true, strictFileInteractability: false, timeouts: {implicit: 0, pageLoad: 300000, script: 30000}, unhandledPromptBehavior: dismiss and notify, webauthn:extension:credBlob: true, webauthn:extension:largeBlob: true, webauthn:extension:minPinLength: true, webauthn:extension:prf: true, webauthn:virtualAuthenticators: true, webdriver.remote.sessionid: 3f9a42aede7c62a1955f2c948ff...}\\nSession ID: 3f9a42aede7c62a1955f2c948fffd23e0884c6f0"`,
      level: 'ERROR',
      test_run_uuid: 'c30af328-c221-4df1-b0ad-d0e9d7ff04ce'
    }
  ]
} to 43084:0
2026-01-09T04:07:47.146Z CLI info [testhub:request-queue-handler]  [adarshsreeram_y1cpaK]  [phlyjaq2gb4crgtagwxiv0ujzwnpypkdmei3toej]  [86a5756d-4f71-419a-b101-77c89c4f0b54]  Added the event {
  event_type: 'LogCreated',
  logs: [
    {
      testFrameworkName: 'java-generic',
      testFrameworkVersion: '18.0.2.1',
      testFrameworkState: 'LOG',
      timestamp: '2026-01-09T04:07:47.138Z',
      uuid: 'c30af328-c221-4df1-b0ad-d0e9d7ff04ce',
      kind: 'TEST_LOG',
      message: `"org.openqa.selenium.TimeoutException: Expected condition failed: waiting for element to be clickable: By.cssSelector: h3 (tried for 10 second(s) with 500 milliseconds interval)\\nBuild info: version: '4.35.0', revision: '1c58e5028b'\\nSystem info: os.name: 'Mac OS X', os.arch: 'x86_64', os.version: '13.4', java.version: '18.0.2.1'\\nDriver info: org.openqa.selenium.chrome.ChromeDriver\\nCapabilities {acceptInsecureCerts: true, browserName: chrome, browserVersion: 120.0.6099.63, chrome: {chromedriverVersion: 120.0.6099.62 (93ab19d804d4..., userDataDir: C:\\\\Windows\\\\proxy\\\\scoped_dir...}, fedcm:accounts: true, goog:chromeOptions: {debuggerAddress: localhost:9222}, networkConnectionEnabled: false, optimalHubUrl: hub-aps.browserstack.com, pageLoadStrategy: normal, platformName: windows, proxy: Proxy(), setWindowRect: true, strictFileInteractability: false, timeouts: {implicit: 0, pageLoad: 300000, script: 30000}, unhandledPromptBehavior: dismiss and notify, webauthn:extension:credBlob: true, webauthn:extension:largeBlob: true, webauthn:extension:minPinLength: true, webauthn:extension:prf: true, webauthn:virtualAuthenticators: true, webdriver.remote.sessionid: 3f9a42aede7c62a1955f2c948ff...}\\nSession ID: 3f9a42aede7c62a1955f2c948fffd23e0884c6f0"`,
      level: 'ERROR',
      test_run_uuid: 'c30af328-c221-4df1-b0ad-d0e9d7ff04ce'
    }
  ]
} to 43084:0
2026-01-09T04:07:47.158Z CLI info [testhub:request-queue-handler]  [adarshsreeram_y1cpaK]  [phlyjaq2gb4crgtagwxiv0ujzwnpypkdmei3toej]  [86a5756d-4f71-419a-b101-77c89c4f0b54]  Added the event {
  event_type: 'LogCreated',
  logs: [
    {
      testFrameworkName: 'java-generic',
      testFrameworkVersion: '18.0.2.1',
      testFrameworkState: 'LOG',
      timestamp: '2026-01-09T04:07:47.152Z',
      uuid: 'c30af328-c221-4df1-b0ad-d0e9d7ff04ce',
      kind: 'TEST_LOG',
      message: '"\\tat org.openqa.selenium.support.ui.WebDriverWait.timeoutException(WebDriverWait.java:84)"',
      level: 'ERROR',
      test_run_uuid: 'c30af328-c221-4df1-b0ad-d0e9d7ff04ce'
    }
  ]
} to 43084:0
2026-01-09T04:07:47.172Z CLI info [testhub:request-queue-handler]  [adarshsreeram_y1cpaK]  [phlyjaq2gb4crgtagwxiv0ujzwnpypkdmei3toej]  [86a5756d-4f71-419a-b101-77c89c4f0b54]  Added the event {
  event_type: 'LogCreated',
  logs: [
    {
      testFrameworkName: 'java-generic',
      testFrameworkVersion: '18.0.2.1',
      testFrameworkState: 'LOG',
      timestamp: '2026-01-09T04:07:47.166Z',
      uuid: 'c30af328-c221-4df1-b0ad-d0e9d7ff04ce',
      kind: 'TEST_LOG',
      message: '"\\tat org.openqa.selenium.support.ui.FluentWait.until(FluentWait.java:228)"',
      level: 'ERROR',
      test_run_uuid: 'c30af328-c221-4df1-b0ad-d0e9d7ff04ce'
    }
  ]
} to 43084:0
2026-01-09T04:07:47.180Z CLI info [testhub:request-queue-handler]  [adarshsreeram_y1cpaK]  [phlyjaq2gb4crgtagwxiv0ujzwnpypkdmei3toej]  [86a5756d-4f71-419a-b101-77c89c4f0b54]  Added the event {
  event_type: 'LogCreated',
  logs: [
    {
      testFrameworkName: 'java-generic',
      testFrameworkVersion: '18.0.2.1',
      testFrameworkState: 'LOG',
      timestamp: '2026-01-09T04:07:47.178Z',
      uuid: 'c30af328-c221-4df1-b0ad-d0e9d7ff04ce',
      kind: 'TEST_LOG',
      message: '"\\tat googleTest.main(googleTest.java:62)"',
      level: 'ERROR',
      test_run_uuid: 'c30af328-c221-4df1-b0ad-d0e9d7ff04ce'
    }
  ]
} to 43084:0
2026-01-09T04:07:48.202Z CLI info [testhub:request-queue-handler]  [adarshsreeram_y1cpaK]  [phlyjaq2gb4crgtagwxiv0ujzwnpypkdmei3toej]  [86a5756d-4f71-419a-b101-77c89c4f0b54]  Processing batch event [
  { event_type: 'LogCreated', logs: [ [Object] ] },
  { event_type: 'LogCreated', logs: [ [Object] ] },
  { event_type: 'LogCreated', logs: [ [Object] ] },
  { event_type: 'LogCreated', logs: [ [Object] ] },
  { event_type: 'LogCreated', logs: [ [Object] ] }
] to 43084:0
2026-01-09T04:07:48.206Z CLI info  [adarshsreeram_y1cpaK]  [phlyjaq2gb4crgtagwxiv0ujzwnpypkdmei3toej]  [86a5756d-4f71-419a-b101-77c89c4f0b54]  [PRODUCTION] Making POST request to https://collector-observability.browserstack.com
2026-01-09T04:07:48.772Z CLI info [testhub:request-queue-handler]  [adarshsreeram_y1cpaK]  [phlyjaq2gb4crgtagwxiv0ujzwnpypkdmei3toej]  [86a5756d-4f71-419a-b101-77c89c4f0b54]  Added the event {
  event_type: 'TestRunFinished',
  test_run: {
    type: 'test',
    framework: 'java-generic',
    uuid: 'c30af328-c221-4df1-b0ad-d0e9d7ff04ce',
    name: 'Google Search - BrowserStack',
    body: {
      lang: 'java',
      code: 'public static void startTest() {\n' +
        '        getTestClient().start();\n' +
        '    }'
    },
    identifier: 'Google Search - BrowserStack',
    scope: 'googleTest',
    scopes: [ 'test', 'java', 'googleTest' ],
    file_name: 'src/main/java/utils/TestClientManager.java',
    vc_filepath: 'src/main/java/utils/TestClientManager.java',
    location: 'src/main/java/utils/TestClientManager.java',
    meta: {
      agent_version: 'java-generic-javaagent/1.50.0',
      cbt_session_linked: false,
      manual_integration: true,
      test_type: 'functional',
      test_framework: 'java-generic'
    },
    result: 'failed',
    duration_in_ms: 27512,
    started_at: '2026-01-09T04:07:19.675Z',
    finished_at: '2026-01-09T04:07:47.187Z',
    failure: [ [Object] ],
    failure_type: undefined,
    failure_reason: undefined,
    retry_of: null,
    custom_metadata: {},
    tags: [],
    customRerunParam: { rerun_name: 'java-test' },
    hooks: [],
    product_map: {
      observability: true,
      accessibility: false,
      percy: false,
      automate: true,
      app_automate: false,
      lts: false
    }
  },
  logs: []
} to 43084:0
2026-01-09T04:07:48.796Z CLI info [testhub:request-queue-handler]  [adarshsreeram_y1cpaK]  [phlyjaq2gb4crgtagwxiv0ujzwnpypkdmei3toej]  [86a5756d-4f71-419a-b101-77c89c4f0b54]  Added the event {
  event_type: 'LogCreated',
  logs: [
    {
      testFrameworkName: 'java-generic',
      testFrameworkVersion: '18.0.2.1',
      testFrameworkState: 'LOG',
      timestamp: '2026-01-09T04:07:48.790Z',
      uuid: 'c30af328-c221-4df1-b0ad-d0e9d7ff04ce',
      kind: 'TEST_LOG',
      message: '"Closing browser"',
      level: 'INFO',
      test_run_uuid: 'c30af328-c221-4df1-b0ad-d0e9d7ff04ce'
    }
  ]
} to 43084:0
2026-01-09T04:07:50.205Z CLI info [testhub:request-queue-handler]  [adarshsreeram_y1cpaK]  [phlyjaq2gb4crgtagwxiv0ujzwnpypkdmei3toej]  [86a5756d-4f71-419a-b101-77c89c4f0b54]  Processing batch event [
  {
    event_type: 'TestRunFinished',
    test_run: {
      type: 'test',
      framework: 'java-generic',
      uuid: 'c30af328-c221-4df1-b0ad-d0e9d7ff04ce',
      name: 'Google Search - BrowserStack',
      body: [Object],
      identifier: 'Google Search - BrowserStack',
      scope: 'googleTest',
      scopes: [Array],
      file_name: 'src/main/java/utils/TestClientManager.java',
      vc_filepath: 'src/main/java/utils/TestClientManager.java',
      location: 'src/main/java/utils/TestClientManager.java',
      meta: [Object],
      result: 'failed',
      duration_in_ms: 27512,
      started_at: '2026-01-09T04:07:19.675Z',
      finished_at: '2026-01-09T04:07:47.187Z',
      failure: [Array],
      failure_type: undefined,
      failure_reason: undefined,
      retry_of: null,
      custom_metadata: {},
      tags: [],
      customRerunParam: [Object],
      hooks: [],
      product_map: [Object]
    },
    logs: []
  },
  { event_type: 'LogCreated', logs: [ [Object] ] }
] to 43084:0
2026-01-09T04:07:50.208Z CLI info  [adarshsreeram_y1cpaK]  [phlyjaq2gb4crgtagwxiv0ujzwnpypkdmei3toej]  [86a5756d-4f71-419a-b101-77c89c4f0b54]  [PRODUCTION] Making POST request to https://collector-observability.browserstack.com
2026-01-09T04:07:51.307Z CLI info  [adarshsreeram_y1cpaK]  [phlyjaq2gb4crgtagwxiv0ujzwnpypkdmei3toej]  [86a5756d-4f71-419a-b101-77c89c4f0b54]  [PRODUCTION] Making PUT request to https://collector-observability.browserstack.com
2026-01-09T04:07:52.131Z CLI info [testhub:module]  [adarshsreeram_y1cpaK]  [phlyjaq2gb4crgtagwxiv0ujzwnpypkdmei3toej]  [86a5756d-4f71-419a-b101-77c89c4f0b54]  stopBuild: phlyjaq2gb4crgtagwxiv0ujzwnpypkdmei3toej request={"finished_at":"2026-01-09T04:07:51.306Z","finished_metadata":[],"custom_metadata":{}} response={"data":""}
2026-01-09T04:07:52.136Z CLI info  [adarshsreeram_y1cpaK]  [phlyjaq2gb4crgtagwxiv0ujzwnpypkdmei3toej]  [86a5756d-4f71-419a-b101-77c89c4f0b54]  [PRODUCTION] Making POST request to https://api.browserstack.com
2026-01-09T04:07:52.149Z CLI info [TEST REPORTING AND ANALYTICS:module]  [adarshsreeram_y1cpaK]  [phlyjaq2gb4crgtagwxiv0ujzwnpypkdmei3toej]  [86a5756d-4f71-419a-b101-77c89c4f0b54]  Visit https://automation.browserstack.com/builds/phlyjaq2gb4crgtagwxiv0ujzwnpypkdmei3toej to view build report, insights, and many more debugging information all at one place!
2026-01-09T04:07:52.489Z CLI info  [adarshsreeram_y1cpaK]  [phlyjaq2gb4crgtagwxiv0ujzwnpypkdmei3toej]  [86a5756d-4f71-419a-b101-77c89c4f0b54]  [PRODUCTION] Making GET request to https://api.browserstack.com
2026-01-09T04:07:52.852Z CLI info  [adarshsreeram_y1cpaK]  [phlyjaq2gb4crgtagwxiv0ujzwnpypkdmei3toej]  [86a5756d-4f71-419a-b101-77c89c4f0b54]  [PRODUCTION] Making POST request to https://eds.browserstack.com
2026-01-09T04:07:54.658Z CLI info [main]  [adarshsreeram_y1cpaK]  [phlyjaq2gb4crgtagwxiv0ujzwnpypkdmei3toej]  [86a5756d-4f71-419a-b101-77c89c4f0b54]  Received graceful signal termination, performing cleanup
2026-01-09T08:55:46.666Z CLI info [main]     Server listening on port: 5400
2026-01-09T08:55:47.245Z CLI info     Config : {"userName":"[REDACTED]","accessKey":"[REDACTED]","framework":"java-generic","platforms":[{"os":"Windows","osVersion":"10","browserName":"Chrome","browserVersion":"120.0"}],"buildName":"bstack-java-demo","buildIdentifier":"identifier","projectName":"BrowserStack Vanilla JAVA Sample 2","testObservability":true,"debug":true,"networkLogs":true,"consoleLogs":"info"}
2026-01-09T08:55:47.253Z CLI info     Should start debug utility: undefined
2026-01-09T08:55:47.269Z CLI info [testhub:module]  [adarshsreeram_y1cpaK]   [627f1154-432c-4ef7-ac70-61676642c841]  Starting testhub from 67518:0
2026-01-09T08:55:47.277Z CLI info  [adarshsreeram_y1cpaK]   [627f1154-432c-4ef7-ac70-61676642c841]  [PRODUCTION] Making POST request to https://sdk.browserstack.com
2026-01-09T08:55:47.946Z CLI info [testhub:module]  [adarshsreeram_y1cpaK]   [627f1154-432c-4ef7-ac70-61676642c841]  startBuild: response=abibztlpmzjeezd7ggjwsbannji2sgldterbff5e
2026-01-09T08:55:47.954Z CLI info  [adarshsreeram_y1cpaK]  [abibztlpmzjeezd7ggjwsbannji2sgldterbff5e]  [627f1154-432c-4ef7-ac70-61676642c841]  [PRODUCTION] Making POST request to https://api.browserstack.com
2026-01-09T08:55:48.354Z CLI info  [adarshsreeram_y1cpaK]  [abibztlpmzjeezd7ggjwsbannji2sgldterbff5e]  [627f1154-432c-4ef7-ac70-61676642c841]  [PRODUCTION] Making GET request to https://hub.browserstack.com
2026-01-09T08:55:48.621Z CLI info  [adarshsreeram_y1cpaK]  [abibztlpmzjeezd7ggjwsbannji2sgldterbff5e]  [627f1154-432c-4ef7-ac70-61676642c841]  [PRODUCTION] Making GET request to https://hub-aps.browserstack.com
2026-01-09T08:55:48.802Z CLI info  [adarshsreeram_y1cpaK]  [abibztlpmzjeezd7ggjwsbannji2sgldterbff5e]  [627f1154-432c-4ef7-ac70-61676642c841]  [PRODUCTION] Making GET request to https://hub-euw.browserstack.com
2026-01-09T08:55:49.687Z CLI info  [adarshsreeram_y1cpaK]  [abibztlpmzjeezd7ggjwsbannji2sgldterbff5e]  [627f1154-432c-4ef7-ac70-61676642c841]  [PRODUCTION] Making GET request to https://hub-apse.browserstack.com
2026-01-09T08:55:58.893Z CLI info [testhub:request-queue-handler]  [adarshsreeram_y1cpaK]  [abibztlpmzjeezd7ggjwsbannji2sgldterbff5e]  [627f1154-432c-4ef7-ac70-61676642c841]  Added the event {
  event_type: 'LogCreated',
  logs: [
    {
      testFrameworkName: 'java-generic',
      testFrameworkVersion: '18.0.2.1',
      testFrameworkState: 'LOG',
      timestamp: '2026-01-09T08:55:58.852Z',
      uuid: '52f7cd40-6917-4ca4-ac8f-3ff013d82fe0',
      kind: 'TEST_LOG',
      message: '"Setting up ChromeDriver"',
      level: 'INFO',
      test_run_uuid: '52f7cd40-6917-4ca4-ac8f-3ff013d82fe0'
    }
  ]
} to 67518:0
2026-01-09T08:55:58.952Z CLI info [testhub:request-queue-handler]  [adarshsreeram_y1cpaK]  [abibztlpmzjeezd7ggjwsbannji2sgldterbff5e]  [627f1154-432c-4ef7-ac70-61676642c841]  Added the event {
  event_type: 'LogCreated',
  logs: [
    {
      testFrameworkName: 'java-generic',
      testFrameworkVersion: '18.0.2.1',
      testFrameworkState: 'LOG',
      timestamp: '2026-01-09T08:55:58.945Z',
      uuid: '52f7cd40-6917-4ca4-ac8f-3ff013d82fe0',
      kind: 'TEST_LOG',
      message: '"SLF4J(W): No SLF4J providers were found."',
      level: 'ERROR',
      test_run_uuid: '52f7cd40-6917-4ca4-ac8f-3ff013d82fe0'
    }
  ]
} to 67518:0
2026-01-09T08:55:58.991Z CLI info [testhub:request-queue-handler]  [adarshsreeram_y1cpaK]  [abibztlpmzjeezd7ggjwsbannji2sgldterbff5e]  [627f1154-432c-4ef7-ac70-61676642c841]  Added the event {
  event_type: 'LogCreated',
  logs: [
    {
      testFrameworkName: 'java-generic',
      testFrameworkVersion: '18.0.2.1',
      testFrameworkState: 'LOG',
      timestamp: '2026-01-09T08:55:58.987Z',
      uuid: '52f7cd40-6917-4ca4-ac8f-3ff013d82fe0',
      kind: 'TEST_LOG',
      message: '"SLF4J(W): Defaulting to no-operation (NOP) logger implementation"',
      level: 'ERROR',
      test_run_uuid: '52f7cd40-6917-4ca4-ac8f-3ff013d82fe0'
    }
  ]
} to 67518:0
2026-01-09T08:55:59.011Z CLI info [testhub:request-queue-handler]  [adarshsreeram_y1cpaK]  [abibztlpmzjeezd7ggjwsbannji2sgldterbff5e]  [627f1154-432c-4ef7-ac70-61676642c841]  Added the event {
  event_type: 'LogCreated',
  logs: [
    {
      testFrameworkName: 'java-generic',
      testFrameworkVersion: '18.0.2.1',
      testFrameworkState: 'LOG',
      timestamp: '2026-01-09T08:55:59.007Z',
      uuid: '52f7cd40-6917-4ca4-ac8f-3ff013d82fe0',
      kind: 'TEST_LOG',
      message: '"SLF4J(W): See https://www.slf4j.org/codes.html#noProviders for further details."',
      level: 'ERROR',
      test_run_uuid: '52f7cd40-6917-4ca4-ac8f-3ff013d82fe0'
    }
  ]
} to 67518:0
2026-01-09T08:55:59.956Z CLI info [testhub:request-queue-handler]  [adarshsreeram_y1cpaK]  [abibztlpmzjeezd7ggjwsbannji2sgldterbff5e]  [627f1154-432c-4ef7-ac70-61676642c841]  Processing batch event [
  { event_type: 'LogCreated', logs: [ [Object] ] },
  { event_type: 'LogCreated', logs: [ [Object] ] },
  { event_type: 'LogCreated', logs: [ [Object] ] },
  { event_type: 'LogCreated', logs: [ [Object] ] }
] to 67518:0
2026-01-09T08:55:59.957Z CLI info  [adarshsreeram_y1cpaK]  [abibztlpmzjeezd7ggjwsbannji2sgldterbff5e]  [627f1154-432c-4ef7-ac70-61676642c841]  [PRODUCTION] Making POST request to https://collector-observability.browserstack.com
2026-01-09T08:56:50.544Z CLI info [sdk:service]  [adarshsreeram_y1cpaK]  [abibztlpmzjeezd7ggjwsbannji2sgldterbff5e]  [627f1154-432c-4ef7-ac70-61676642c841]  Driver initialized as primary driver: platformIndex=0
2026-01-09T08:57:03.559Z CLI info [testhub:request-queue-handler]  [adarshsreeram_y1cpaK]  [abibztlpmzjeezd7ggjwsbannji2sgldterbff5e]  [627f1154-432c-4ef7-ac70-61676642c841]  Added the event {
  event_type: 'CBTSessionCreated',
  test_run: {
    uuid: 'ee056948-946e-414c-b1a1-8ca623e0087d',
    integrations: { browserstack: [Object] }
  }
} to 67518:0
2026-01-09T08:57:03.607Z CLI info [testhub:request-queue-handler]  [adarshsreeram_y1cpaK]  [abibztlpmzjeezd7ggjwsbannji2sgldterbff5e]  [627f1154-432c-4ef7-ac70-61676642c841]  Added the event {
  event_type: 'TestRunStarted',
  test_run: {
    type: 'test',
    framework: 'java-generic',
    uuid: 'ee056948-946e-414c-b1a1-8ca623e0087d',
    name: 'Open BstackDemo and SignIN',
    body: {
      lang: 'java',
      code: 'public static void startTest() {\n' +
        '        getTestClient().start();\n' +
        '    }'
    },
    identifier: 'Open BstackDemo and SignIN',
    scope: 'bstackDemoTest',
    scopes: [ 'test', 'java', 'bstackDemoTest' ],
    file_name: 'src/main/java/utils/TestClientManager.java',
    vc_filepath: 'src/main/java/utils/TestClientManager.java',
    location: 'src/main/java/utils/TestClientManager.java',
    meta: {
      agent_version: 'java-generic-javaagent/1.50.0',
      cbt_session_linked: false,
      manual_integration: true,
      test_type: 'functional',
      test_framework: 'java-generic'
    },
    result: 'pending',
    duration_in_ms: null,
    started_at: '2026-01-09T08:57:03.472Z',
    failure: undefined,
    failure_type: undefined,
    failure_reason: undefined,
    retry_of: null,
    custom_metadata: {},
    tags: [],
    customRerunParam: { rerun_name: 'java-test' },
    hooks: [],
    product_map: {
      observability: true,
      accessibility: false,
      percy: false,
      automate: true,
      app_automate: false,
      lts: false
    }
  },
  logs: []
} to 67518:0
2026-01-09T08:57:04.091Z CLI info [testhub:request-queue-handler]  [adarshsreeram_y1cpaK]  [abibztlpmzjeezd7ggjwsbannji2sgldterbff5e]  [627f1154-432c-4ef7-ac70-61676642c841]  Processing batch event [
  {
    event_type: 'CBTSessionCreated',
    test_run: {
      uuid: 'ee056948-946e-414c-b1a1-8ca623e0087d',
      integrations: [Object]
    }
  },
  {
    event_type: 'TestRunStarted',
    test_run: {
      type: 'test',
      framework: 'java-generic',
      uuid: 'ee056948-946e-414c-b1a1-8ca623e0087d',
      name: 'Open BstackDemo and SignIN',
      body: [Object],
      identifier: 'Open BstackDemo and SignIN',
      scope: 'bstackDemoTest',
      scopes: [Array],
      file_name: 'src/main/java/utils/TestClientManager.java',
      vc_filepath: 'src/main/java/utils/TestClientManager.java',
      location: 'src/main/java/utils/TestClientManager.java',
      meta: [Object],
      result: 'pending',
      duration_in_ms: null,
      started_at: '2026-01-09T08:57:03.472Z',
      failure: undefined,
      failure_type: undefined,
      failure_reason: undefined,
      retry_of: null,
      custom_metadata: {},
      tags: [],
      customRerunParam: [Object],
      hooks: [],
      product_map: [Object]
    },
    logs: []
  }
] to 67518:0
2026-01-09T08:57:04.093Z CLI info  [adarshsreeram_y1cpaK]  [abibztlpmzjeezd7ggjwsbannji2sgldterbff5e]  [627f1154-432c-4ef7-ac70-61676642c841]  [PRODUCTION] Making POST request to https://collector-observability.browserstack.com
2026-01-09T08:57:05.096Z CLI info [testhub:request-queue-handler]  [adarshsreeram_y1cpaK]  [abibztlpmzjeezd7ggjwsbannji2sgldterbff5e]  [627f1154-432c-4ef7-ac70-61676642c841]  Added the event {
  event_type: 'LogCreated',
  logs: [
    {
      testFrameworkName: 'java-generic',
      testFrameworkVersion: '18.0.2.1',
      testFrameworkState: 'LOG',
      timestamp: '2026-01-09T08:57:05.082Z',
      uuid: 'ee056948-946e-414c-b1a1-8ca623e0087d',
      kind: 'TEST_LOG',
      message: '"Opening https://bstackdemo.com/"',
      level: 'INFO',
      test_run_uuid: 'ee056948-946e-414c-b1a1-8ca623e0087d'
    }
  ]
} to 67518:0
2026-01-09T08:57:05.908Z CLI info [testhub:request-queue-handler]  [adarshsreeram_y1cpaK]  [abibztlpmzjeezd7ggjwsbannji2sgldterbff5e]  [627f1154-432c-4ef7-ac70-61676642c841]  Added the event {
  event_type: 'LogCreated',
  logs: [
    {
      testFrameworkName: 'java-generic',
      testFrameworkVersion: '18.0.2.1',
      testFrameworkState: 'LOG',
      timestamp: '2026-01-09T08:57:05.895Z',
      uuid: 'ee056948-946e-414c-b1a1-8ca623e0087d',
      kind: 'TEST_LOG',
      message: '"Waiting for page to load"',
      level: 'INFO',
      test_run_uuid: 'ee056948-946e-414c-b1a1-8ca623e0087d'
    }
  ]
} to 67518:0
2026-01-09T08:57:06.086Z CLI info [testhub:request-queue-handler]  [adarshsreeram_y1cpaK]  [abibztlpmzjeezd7ggjwsbannji2sgldterbff5e]  [627f1154-432c-4ef7-ac70-61676642c841]  Processing batch event [
  { event_type: 'LogCreated', logs: [ [Object] ] },
  { event_type: 'LogCreated', logs: [ [Object] ] }
] to 67518:0
2026-01-09T08:57:06.088Z CLI info  [adarshsreeram_y1cpaK]  [abibztlpmzjeezd7ggjwsbannji2sgldterbff5e]  [627f1154-432c-4ef7-ac70-61676642c841]  [PRODUCTION] Making POST request to https://collector-observability.browserstack.com
2026-01-09T08:57:08.446Z CLI info [testhub:request-queue-handler]  [adarshsreeram_y1cpaK]  [abibztlpmzjeezd7ggjwsbannji2sgldterbff5e]  [627f1154-432c-4ef7-ac70-61676642c841]  Added the event {
  event_type: 'LogCreated',
  logs: [
    {
      testFrameworkName: 'java-generic',
      testFrameworkVersion: '18.0.2.1',
      testFrameworkState: 'LOG',
      timestamp: '2026-01-09T08:57:08.423Z',
      uuid: 'ee056948-946e-414c-b1a1-8ca623e0087d',
      kind: 'TEST_LOG',
      message: `"Locating Sign In element with ID 'signin'"`,
      level: 'INFO',
      test_run_uuid: 'ee056948-946e-414c-b1a1-8ca623e0087d'
    }
  ]
} to 67518:0
2026-01-09T08:57:08.784Z CLI info [testhub:request-queue-handler]  [adarshsreeram_y1cpaK]  [abibztlpmzjeezd7ggjwsbannji2sgldterbff5e]  [627f1154-432c-4ef7-ac70-61676642c841]  Added the event {
  event_type: 'LogCreated',
  logs: [
    {
      testFrameworkName: 'java-generic',
      testFrameworkVersion: '18.0.2.1',
      testFrameworkState: 'LOG',
      timestamp: '2026-01-09T08:57:08.780Z',
      uuid: 'ee056948-946e-414c-b1a1-8ca623e0087d',
      kind: 'TEST_LOG',
      message: '"Verifying Sign In element properties"',
      level: 'INFO',
      test_run_uuid: 'ee056948-946e-414c-b1a1-8ca623e0087d'
    }
  ]
} to 67518:0
2026-01-09T08:57:08.877Z CLI info [testhub:request-queue-handler]  [adarshsreeram_y1cpaK]  [abibztlpmzjeezd7ggjwsbannji2sgldterbff5e]  [627f1154-432c-4ef7-ac70-61676642c841]  Added the event {
  event_type: 'LogCreated',
  logs: [
    {
      testFrameworkName: 'java-generic',
      testFrameworkVersion: '18.0.2.1',
      testFrameworkState: 'LOG',
      timestamp: '2026-01-09T08:57:08.873Z',
      uuid: 'ee056948-946e-414c-b1a1-8ca623e0087d',
      kind: 'TEST_LOG',
      message: '"Element text: Sign In"',
      level: 'INFO',
      test_run_uuid: 'ee056948-946e-414c-b1a1-8ca623e0087d'
    }
  ]
} to 67518:0
2026-01-09T08:57:08.965Z CLI info [testhub:request-queue-handler]  [adarshsreeram_y1cpaK]  [abibztlpmzjeezd7ggjwsbannji2sgldterbff5e]  [627f1154-432c-4ef7-ac70-61676642c841]  Added the event {
  event_type: 'LogCreated',
  logs: [
    {
      testFrameworkName: 'java-generic',
      testFrameworkVersion: '18.0.2.1',
      testFrameworkState: 'LOG',
      timestamp: '2026-01-09T08:57:08.958Z',
      uuid: 'ee056948-946e-414c-b1a1-8ca623e0087d',
      kind: 'TEST_LOG',
      message: '"Element is displayed: true"',
      level: 'INFO',
      test_run_uuid: 'ee056948-946e-414c-b1a1-8ca623e0087d'
    }
  ]
} to 67518:0
2026-01-09T08:57:09.060Z CLI info [testhub:request-queue-handler]  [adarshsreeram_y1cpaK]  [abibztlpmzjeezd7ggjwsbannji2sgldterbff5e]  [627f1154-432c-4ef7-ac70-61676642c841]  Added the event {
  event_type: 'LogCreated',
  logs: [
    {
      testFrameworkName: 'java-generic',
      testFrameworkVersion: '18.0.2.1',
      testFrameworkState: 'LOG',
      timestamp: '2026-01-09T08:57:09.037Z',
      uuid: 'ee056948-946e-414c-b1a1-8ca623e0087d',
      kind: 'TEST_LOG',
      message: '"Element is enabled: true"',
      level: 'INFO',
      test_run_uuid: 'ee056948-946e-414c-b1a1-8ca623e0087d'
    }
  ]
} to 67518:0
2026-01-09T08:57:09.076Z CLI info [testhub:request-queue-handler]  [adarshsreeram_y1cpaK]  [abibztlpmzjeezd7ggjwsbannji2sgldterbff5e]  [627f1154-432c-4ef7-ac70-61676642c841]  Added the event {
  event_type: 'LogCreated',
  logs: [
    {
      testFrameworkName: 'java-generic',
      testFrameworkVersion: '18.0.2.1',
      testFrameworkState: 'LOG',
      timestamp: '2026-01-09T08:57:09.071Z',
      uuid: 'ee056948-946e-414c-b1a1-8ca623e0087d',
      kind: 'TEST_LOG',
      message: '"Clicking on Sign In element"',
      level: 'INFO',
      test_run_uuid: 'ee056948-946e-414c-b1a1-8ca623e0087d'
    }
  ]
} to 67518:0
2026-01-09T08:57:09.249Z CLI info [testhub:request-queue-handler]  [adarshsreeram_y1cpaK]  [abibztlpmzjeezd7ggjwsbannji2sgldterbff5e]  [627f1154-432c-4ef7-ac70-61676642c841]  Added the event {
  event_type: 'LogCreated',
  logs: [
    {
      testFrameworkName: 'java-generic',
      testFrameworkVersion: '18.0.2.1',
      testFrameworkState: 'LOG',
      timestamp: '2026-01-09T08:57:09.241Z',
      uuid: 'ee056948-946e-414c-b1a1-8ca623e0087d',
      kind: 'TEST_LOG',
      message: '"Waiting to observe result"',
      level: 'INFO',
      test_run_uuid: 'ee056948-946e-414c-b1a1-8ca623e0087d'
    }
  ]
} to 67518:0
2026-01-09T08:57:10.096Z CLI info [testhub:request-queue-handler]  [adarshsreeram_y1cpaK]  [abibztlpmzjeezd7ggjwsbannji2sgldterbff5e]  [627f1154-432c-4ef7-ac70-61676642c841]  Processing batch event [
  { event_type: 'LogCreated', logs: [ [Object] ] },
  { event_type: 'LogCreated', logs: [ [Object] ] },
  { event_type: 'LogCreated', logs: [ [Object] ] },
  { event_type: 'LogCreated', logs: [ [Object] ] },
  { event_type: 'LogCreated', logs: [ [Object] ] },
  { event_type: 'LogCreated', logs: [ [Object] ] },
  { event_type: 'LogCreated', logs: [ [Object] ] }
] to 67518:0
2026-01-09T08:57:10.101Z CLI info  [adarshsreeram_y1cpaK]  [abibztlpmzjeezd7ggjwsbannji2sgldterbff5e]  [627f1154-432c-4ef7-ac70-61676642c841]  [PRODUCTION] Making POST request to https://collector-observability.browserstack.com
2026-01-09T08:57:13.215Z CLI info [testhub:request-queue-handler]  [adarshsreeram_y1cpaK]  [abibztlpmzjeezd7ggjwsbannji2sgldterbff5e]  [627f1154-432c-4ef7-ac70-61676642c841]  Added the event {
  event_type: 'TestRunFinished',
  test_run: {
    type: 'test',
    framework: 'java-generic',
    uuid: 'ee056948-946e-414c-b1a1-8ca623e0087d',
    name: 'Open BstackDemo and SignIN',
    body: {
      lang: 'java',
      code: 'public static void startTest() {\n' +
        '        getTestClient().start();\n' +
        '    }'
    },
    identifier: 'Open BstackDemo and SignIN',
    scope: 'bstackDemoTest',
    scopes: [ 'test', 'java', 'bstackDemoTest' ],
    file_name: 'src/main/java/utils/TestClientManager.java',
    vc_filepath: 'src/main/java/utils/TestClientManager.java',
    location: 'src/main/java/utils/TestClientManager.java',
    meta: {
      agent_version: 'java-generic-javaagent/1.50.0',
      cbt_session_linked: false,
      manual_integration: true,
      test_type: 'functional',
      test_framework: 'java-generic'
    },
    result: 'passed',
    duration_in_ms: 8799,
    started_at: '2026-01-09T08:57:03.472Z',
    finished_at: '2026-01-09T08:57:12.271Z',
    failure: undefined,
    failure_type: undefined,
    failure_reason: undefined,
    retry_of: null,
    custom_metadata: {},
    tags: [],
    customRerunParam: { rerun_name: 'java-test' },
    hooks: [],
    product_map: {
      observability: true,
      accessibility: false,
      percy: false,
      automate: true,
      app_automate: false,
      lts: false
    }
  },
  logs: []
} to 67518:0
2026-01-09T08:57:13.237Z CLI info [testhub:request-queue-handler]  [adarshsreeram_y1cpaK]  [abibztlpmzjeezd7ggjwsbannji2sgldterbff5e]  [627f1154-432c-4ef7-ac70-61676642c841]  Added the event {
  event_type: 'LogCreated',
  logs: [
    {
      testFrameworkName: 'java-generic',
      testFrameworkVersion: '18.0.2.1',
      testFrameworkState: 'LOG',
      timestamp: '2026-01-09T08:57:13.230Z',
      uuid: 'ee056948-946e-414c-b1a1-8ca623e0087d',
      kind: 'TEST_LOG',
      message: '"Closing browser"',
      level: 'INFO',
      test_run_uuid: 'ee056948-946e-414c-b1a1-8ca623e0087d'
    }
  ]
} to 67518:0
2026-01-09T08:57:14.091Z CLI info [testhub:request-queue-handler]  [adarshsreeram_y1cpaK]  [abibztlpmzjeezd7ggjwsbannji2sgldterbff5e]  [627f1154-432c-4ef7-ac70-61676642c841]  Processing batch event [
  {
    event_type: 'TestRunFinished',
    test_run: {
      type: 'test',
      framework: 'java-generic',
      uuid: 'ee056948-946e-414c-b1a1-8ca623e0087d',
      name: 'Open BstackDemo and SignIN',
      body: [Object],
      identifier: 'Open BstackDemo and SignIN',
      scope: 'bstackDemoTest',
      scopes: [Array],
      file_name: 'src/main/java/utils/TestClientManager.java',
      vc_filepath: 'src/main/java/utils/TestClientManager.java',
      location: 'src/main/java/utils/TestClientManager.java',
      meta: [Object],
      result: 'passed',
      duration_in_ms: 8799,
      started_at: '2026-01-09T08:57:03.472Z',
      finished_at: '2026-01-09T08:57:12.271Z',
      failure: undefined,
      failure_type: undefined,
      failure_reason: undefined,
      retry_of: null,
      custom_metadata: {},
      tags: [],
      customRerunParam: [Object],
      hooks: [],
      product_map: [Object]
    },
    logs: []
  },
  { event_type: 'LogCreated', logs: [ [Object] ] }
] to 67518:0
2026-01-09T08:57:14.093Z CLI info  [adarshsreeram_y1cpaK]  [abibztlpmzjeezd7ggjwsbannji2sgldterbff5e]  [627f1154-432c-4ef7-ac70-61676642c841]  [PRODUCTION] Making POST request to https://collector-observability.browserstack.com
2026-01-09T08:57:15.899Z CLI info  [adarshsreeram_y1cpaK]  [abibztlpmzjeezd7ggjwsbannji2sgldterbff5e]  [627f1154-432c-4ef7-ac70-61676642c841]  [PRODUCTION] Making PUT request to https://collector-observability.browserstack.com
2026-01-09T08:57:16.727Z CLI info [testhub:module]  [adarshsreeram_y1cpaK]  [abibztlpmzjeezd7ggjwsbannji2sgldterbff5e]  [627f1154-432c-4ef7-ac70-61676642c841]  stopBuild: abibztlpmzjeezd7ggjwsbannji2sgldterbff5e request={"finished_at":"2026-01-09T08:57:15.899Z","finished_metadata":[],"custom_metadata":{}} response={"data":""}
2026-01-09T08:57:16.734Z CLI info  [adarshsreeram_y1cpaK]  [abibztlpmzjeezd7ggjwsbannji2sgldterbff5e]  [627f1154-432c-4ef7-ac70-61676642c841]  [PRODUCTION] Making POST request to https://api.browserstack.com
2026-01-09T08:57:16.743Z CLI info [TEST REPORTING AND ANALYTICS:module]  [adarshsreeram_y1cpaK]  [abibztlpmzjeezd7ggjwsbannji2sgldterbff5e]  [627f1154-432c-4ef7-ac70-61676642c841]  Visit https://automation.browserstack.com/builds/abibztlpmzjeezd7ggjwsbannji2sgldterbff5e to view build report, insights, and many more debugging information all at one place!
2026-01-09T08:57:17.088Z CLI info  [adarshsreeram_y1cpaK]  [abibztlpmzjeezd7ggjwsbannji2sgldterbff5e]  [627f1154-432c-4ef7-ac70-61676642c841]  [PRODUCTION] Making GET request to https://api.browserstack.com
2026-01-09T08:57:17.457Z CLI info  [adarshsreeram_y1cpaK]  [abibztlpmzjeezd7ggjwsbannji2sgldterbff5e]  [627f1154-432c-4ef7-ac70-61676642c841]  [PRODUCTION] Making POST request to https://eds.browserstack.com
2026-01-09T08:57:20.761Z CLI info [main]  [adarshsreeram_y1cpaK]  [abibztlpmzjeezd7ggjwsbannji2sgldterbff5e]  [627f1154-432c-4ef7-ac70-61676642c841]  Received graceful signal termination, performing cleanup
2026-01-09T08:57:38.576Z CLI info [main]     Server listening on port: 5400
2026-01-09T08:57:39.105Z CLI info     Config : {"userName":"[REDACTED]","accessKey":"[REDACTED]","framework":"java-generic","platforms":[{"os":"Windows","osVersion":"10","browserName":"Chrome","browserVersion":"120.0"}],"buildName":"bstack-java-demo","buildIdentifier":"identifier","projectName":"BrowserStack Vanilla JAVA Sample 2","testObservability":true,"debug":true,"networkLogs":true,"consoleLogs":"info"}
2026-01-09T08:57:39.116Z CLI info     Should start debug utility: undefined
2026-01-09T08:57:39.131Z CLI info [testhub:module]  [adarshsreeram_y1cpaK]   [24b13a2f-a1b7-4367-af3f-d1c81b682014]  Starting testhub from 67891:0
2026-01-09T08:57:39.138Z CLI info  [adarshsreeram_y1cpaK]   [24b13a2f-a1b7-4367-af3f-d1c81b682014]  [PRODUCTION] Making POST request to https://sdk.browserstack.com
2026-01-09T08:57:39.841Z CLI info [testhub:module]  [adarshsreeram_y1cpaK]   [24b13a2f-a1b7-4367-af3f-d1c81b682014]  startBuild: response=tv5x3fyxuvalrnmxagqemgwu8pdcfw9ukgjdoy42
2026-01-09T08:57:39.848Z CLI info  [adarshsreeram_y1cpaK]  [tv5x3fyxuvalrnmxagqemgwu8pdcfw9ukgjdoy42]  [24b13a2f-a1b7-4367-af3f-d1c81b682014]  [PRODUCTION] Making POST request to https://api.browserstack.com
2026-01-09T08:57:40.258Z CLI info  [adarshsreeram_y1cpaK]  [tv5x3fyxuvalrnmxagqemgwu8pdcfw9ukgjdoy42]  [24b13a2f-a1b7-4367-af3f-d1c81b682014]  [PRODUCTION] Making GET request to https://hub.browserstack.com
2026-01-09T08:57:40.525Z CLI info  [adarshsreeram_y1cpaK]  [tv5x3fyxuvalrnmxagqemgwu8pdcfw9ukgjdoy42]  [24b13a2f-a1b7-4367-af3f-d1c81b682014]  [PRODUCTION] Making GET request to https://hub-aps.browserstack.com
2026-01-09T08:57:40.712Z CLI info  [adarshsreeram_y1cpaK]  [tv5x3fyxuvalrnmxagqemgwu8pdcfw9ukgjdoy42]  [24b13a2f-a1b7-4367-af3f-d1c81b682014]  [PRODUCTION] Making GET request to https://hub-euw.browserstack.com
2026-01-09T08:57:41.607Z CLI info  [adarshsreeram_y1cpaK]  [tv5x3fyxuvalrnmxagqemgwu8pdcfw9ukgjdoy42]  [24b13a2f-a1b7-4367-af3f-d1c81b682014]  [PRODUCTION] Making GET request to https://hub-apse.browserstack.com
2026-01-09T08:57:51.648Z CLI info [testhub:request-queue-handler]  [adarshsreeram_y1cpaK]  [tv5x3fyxuvalrnmxagqemgwu8pdcfw9ukgjdoy42]  [24b13a2f-a1b7-4367-af3f-d1c81b682014]  Added the event {
  event_type: 'LogCreated',
  logs: [
    {
      testFrameworkName: 'java-generic',
      testFrameworkVersion: '18.0.2.1',
      testFrameworkState: 'LOG',
      timestamp: '2026-01-09T08:57:51.615Z',
      uuid: '422b32c3-7dc0-4c7b-b73c-bb655c2226b5',
      kind: 'TEST_LOG',
      message: '"Setting up ChromeDriver"',
      level: 'INFO',
      test_run_uuid: '422b32c3-7dc0-4c7b-b73c-bb655c2226b5'
    }
  ]
} to 67891:0
2026-01-09T08:57:51.811Z CLI info [testhub:request-queue-handler]  [adarshsreeram_y1cpaK]  [tv5x3fyxuvalrnmxagqemgwu8pdcfw9ukgjdoy42]  [24b13a2f-a1b7-4367-af3f-d1c81b682014]  Added the event {
  event_type: 'LogCreated',
  logs: [
    {
      testFrameworkName: 'java-generic',
      testFrameworkVersion: '18.0.2.1',
      testFrameworkState: 'LOG',
      timestamp: '2026-01-09T08:57:51.803Z',
      uuid: '422b32c3-7dc0-4c7b-b73c-bb655c2226b5',
      kind: 'TEST_LOG',
      message: '"SLF4J(W): No SLF4J providers were found."',
      level: 'ERROR',
      test_run_uuid: '422b32c3-7dc0-4c7b-b73c-bb655c2226b5'
    }
  ]
} to 67891:0
2026-01-09T08:57:51.840Z CLI info [testhub:request-queue-handler]  [adarshsreeram_y1cpaK]  [tv5x3fyxuvalrnmxagqemgwu8pdcfw9ukgjdoy42]  [24b13a2f-a1b7-4367-af3f-d1c81b682014]  Added the event {
  event_type: 'LogCreated',
  logs: [
    {
      testFrameworkName: 'java-generic',
      testFrameworkVersion: '18.0.2.1',
      testFrameworkState: 'LOG',
      timestamp: '2026-01-09T08:57:51.835Z',
      uuid: '422b32c3-7dc0-4c7b-b73c-bb655c2226b5',
      kind: 'TEST_LOG',
      message: '"SLF4J(W): Defaulting to no-operation (NOP) logger implementation"',
      level: 'ERROR',
      test_run_uuid: '422b32c3-7dc0-4c7b-b73c-bb655c2226b5'
    }
  ]
} to 67891:0
2026-01-09T08:57:51.876Z CLI info [testhub:request-queue-handler]  [adarshsreeram_y1cpaK]  [tv5x3fyxuvalrnmxagqemgwu8pdcfw9ukgjdoy42]  [24b13a2f-a1b7-4367-af3f-d1c81b682014]  Processing batch event [
  { event_type: 'LogCreated', logs: [ [Object] ] },
  { event_type: 'LogCreated', logs: [ [Object] ] },
  { event_type: 'LogCreated', logs: [ [Object] ] }
] to 67891:0
2026-01-09T08:57:51.880Z CLI info  [adarshsreeram_y1cpaK]  [tv5x3fyxuvalrnmxagqemgwu8pdcfw9ukgjdoy42]  [24b13a2f-a1b7-4367-af3f-d1c81b682014]  [PRODUCTION] Making POST request to https://collector-observability.browserstack.com
2026-01-09T08:57:51.915Z CLI info [testhub:request-queue-handler]  [adarshsreeram_y1cpaK]  [tv5x3fyxuvalrnmxagqemgwu8pdcfw9ukgjdoy42]  [24b13a2f-a1b7-4367-af3f-d1c81b682014]  Added the event {
  event_type: 'LogCreated',
  logs: [
    {
      testFrameworkName: 'java-generic',
      testFrameworkVersion: '18.0.2.1',
      testFrameworkState: 'LOG',
      timestamp: '2026-01-09T08:57:51.903Z',
      uuid: '422b32c3-7dc0-4c7b-b73c-bb655c2226b5',
      kind: 'TEST_LOG',
      message: '"SLF4J(W): See https://www.slf4j.org/codes.html#noProviders for further details."',
      level: 'ERROR',
      test_run_uuid: '422b32c3-7dc0-4c7b-b73c-bb655c2226b5'
    }
  ]
} to 67891:0
2026-01-09T08:57:53.685Z CLI info [sdk:service]  [adarshsreeram_y1cpaK]  [tv5x3fyxuvalrnmxagqemgwu8pdcfw9ukgjdoy42]  [24b13a2f-a1b7-4367-af3f-d1c81b682014]  Driver initialized as primary driver: platformIndex=0
2026-01-09T08:57:53.859Z CLI info [testhub:request-queue-handler]  [adarshsreeram_y1cpaK]  [tv5x3fyxuvalrnmxagqemgwu8pdcfw9ukgjdoy42]  [24b13a2f-a1b7-4367-af3f-d1c81b682014]  Processing batch event [ { event_type: 'LogCreated', logs: [ [Object] ] } ] to 67891:0
2026-01-09T08:57:53.860Z CLI info  [adarshsreeram_y1cpaK]  [tv5x3fyxuvalrnmxagqemgwu8pdcfw9ukgjdoy42]  [24b13a2f-a1b7-4367-af3f-d1c81b682014]  [PRODUCTION] Making POST request to https://collector-observability.browserstack.com
2026-01-09T08:58:04.245Z CLI info [testhub:request-queue-handler]  [adarshsreeram_y1cpaK]  [tv5x3fyxuvalrnmxagqemgwu8pdcfw9ukgjdoy42]  [24b13a2f-a1b7-4367-af3f-d1c81b682014]  Added the event {
  event_type: 'CBTSessionCreated',
  test_run: {
    uuid: '456b8bd9-2f6d-4845-bc0a-3d6ae126a52a',
    integrations: { browserstack: [Object] }
  }
} to 67891:0
2026-01-09T08:58:04.285Z CLI info [testhub:request-queue-handler]  [adarshsreeram_y1cpaK]  [tv5x3fyxuvalrnmxagqemgwu8pdcfw9ukgjdoy42]  [24b13a2f-a1b7-4367-af3f-d1c81b682014]  Added the event {
  event_type: 'TestRunStarted',
  test_run: {
    type: 'test',
    framework: 'java-generic',
    uuid: '456b8bd9-2f6d-4845-bc0a-3d6ae126a52a',
    name: 'Google Search - BrowserStack',
    body: {
      lang: 'java',
      code: 'public static void startTest() {\n' +
        '        getTestClient().start();\n' +
        '    }'
    },
    identifier: 'Google Search - BrowserStack',
    scope: 'googleTest',
    scopes: [ 'test', 'java', 'googleTest' ],
    file_name: 'src/main/java/utils/TestClientManager.java',
    vc_filepath: 'src/main/java/utils/TestClientManager.java',
    location: 'src/main/java/utils/TestClientManager.java',
    meta: {
      agent_version: 'java-generic-javaagent/1.50.0',
      cbt_session_linked: false,
      manual_integration: true,
      test_type: 'functional',
      test_framework: 'java-generic'
    },
    result: 'pending',
    duration_in_ms: null,
    started_at: '2026-01-09T08:58:04.055Z',
    failure: undefined,
    failure_type: undefined,
    failure_reason: undefined,
    retry_of: null,
    custom_metadata: {},
    tags: [],
    customRerunParam: { rerun_name: 'java-test' },
    hooks: [],
    product_map: {
      observability: true,
      accessibility: false,
      percy: false,
      automate: true,
      app_automate: false,
      lts: false
    }
  },
  logs: []
} to 67891:0
2026-01-09T08:58:04.749Z CLI info [testhub:request-queue-handler]  [adarshsreeram_y1cpaK]  [tv5x3fyxuvalrnmxagqemgwu8pdcfw9ukgjdoy42]  [24b13a2f-a1b7-4367-af3f-d1c81b682014]  Added the event {
  event_type: 'LogCreated',
  logs: [
    {
      testFrameworkName: 'java-generic',
      testFrameworkVersion: '18.0.2.1',
      testFrameworkState: 'LOG',
      timestamp: '2026-01-09T08:58:04.737Z',
      uuid: '456b8bd9-2f6d-4845-bc0a-3d6ae126a52a',
      kind: 'TEST_LOG',
      message: '"Opening https://www.google.com/"',
      level: 'INFO',
      test_run_uuid: '456b8bd9-2f6d-4845-bc0a-3d6ae126a52a'
    }
  ]
} to 67891:0
2026-01-09T08:58:05.412Z CLI info [testhub:request-queue-handler]  [adarshsreeram_y1cpaK]  [tv5x3fyxuvalrnmxagqemgwu8pdcfw9ukgjdoy42]  [24b13a2f-a1b7-4367-af3f-d1c81b682014]  Added the event {
  event_type: 'LogCreated',
  logs: [
    {
      testFrameworkName: 'java-generic',
      testFrameworkVersion: '18.0.2.1',
      testFrameworkState: 'LOG',
      timestamp: '2026-01-09T08:58:05.397Z',
      uuid: '456b8bd9-2f6d-4845-bc0a-3d6ae126a52a',
      kind: 'TEST_LOG',
      message: '"Checking for consent dialog"',
      level: 'INFO',
      test_run_uuid: '456b8bd9-2f6d-4845-bc0a-3d6ae126a52a'
    }
  ]
} to 67891:0
2026-01-09T08:58:05.875Z CLI info [testhub:request-queue-handler]  [adarshsreeram_y1cpaK]  [tv5x3fyxuvalrnmxagqemgwu8pdcfw9ukgjdoy42]  [24b13a2f-a1b7-4367-af3f-d1c81b682014]  Processing batch event [
  {
    event_type: 'CBTSessionCreated',
    test_run: {
      uuid: '456b8bd9-2f6d-4845-bc0a-3d6ae126a52a',
      integrations: [Object]
    }
  },
  {
    event_type: 'TestRunStarted',
    test_run: {
      type: 'test',
      framework: 'java-generic',
      uuid: '456b8bd9-2f6d-4845-bc0a-3d6ae126a52a',
      name: 'Google Search - BrowserStack',
      body: [Object],
      identifier: 'Google Search - BrowserStack',
      scope: 'googleTest',
      scopes: [Array],
      file_name: 'src/main/java/utils/TestClientManager.java',
      vc_filepath: 'src/main/java/utils/TestClientManager.java',
      location: 'src/main/java/utils/TestClientManager.java',
      meta: [Object],
      result: 'pending',
      duration_in_ms: null,
      started_at: '2026-01-09T08:58:04.055Z',
      failure: undefined,
      failure_type: undefined,
      failure_reason: undefined,
      retry_of: null,
      custom_metadata: {},
      tags: [],
      customRerunParam: [Object],
      hooks: [],
      product_map: [Object]
    },
    logs: []
  },
  { event_type: 'LogCreated', logs: [ [Object] ] },
  { event_type: 'LogCreated', logs: [ [Object] ] }
] to 67891:0
2026-01-09T08:58:05.878Z CLI info  [adarshsreeram_y1cpaK]  [tv5x3fyxuvalrnmxagqemgwu8pdcfw9ukgjdoy42]  [24b13a2f-a1b7-4367-af3f-d1c81b682014]  [PRODUCTION] Making POST request to https://collector-observability.browserstack.com
2026-01-09T08:58:13.755Z CLI info [main]  [adarshsreeram_y1cpaK]  [tv5x3fyxuvalrnmxagqemgwu8pdcfw9ukgjdoy42]  [24b13a2f-a1b7-4367-af3f-d1c81b682014]  Received graceful signal termination, performing cleanup
2026-01-09T08:58:13.769Z CLI info  [adarshsreeram_y1cpaK]  [tv5x3fyxuvalrnmxagqemgwu8pdcfw9ukgjdoy42]  [24b13a2f-a1b7-4367-af3f-d1c81b682014]  [PRODUCTION] Making PUT request to https://collector-observability.browserstack.com
2026-01-09T08:58:14.640Z CLI info  [adarshsreeram_y1cpaK]  [tv5x3fyxuvalrnmxagqemgwu8pdcfw9ukgjdoy42]  [24b13a2f-a1b7-4367-af3f-d1c81b682014]  [PRODUCTION] Making PUT request to https://collector-observability.browserstack.com
2026-01-09T09:59:14.620Z CLI info [main]     Server listening on port: 5400
2026-01-09T09:59:15.173Z CLI info     Config : {"userName":"[REDACTED]","accessKey":"[REDACTED]","framework":"java-generic","platforms":[{"os":"Windows","osVersion":"10","browserName":"Chrome","browserVersion":"120.0"}],"buildName":"bstack-java-demo","buildIdentifier":"run1","projectName":"BrowserStack Vanilla JAVA Sample 2","testObservability":true,"debug":true,"networkLogs":true,"consoleLogs":"info"}
2026-01-09T09:59:15.182Z CLI info     Should start debug utility: undefined
2026-01-09T09:59:15.200Z CLI info [testhub:module]  [adarshsreeram_y1cpaK]   [500d8dc1-668c-4ca0-a8c6-482ac6103bcd]  Starting testhub from 75222:0
2026-01-09T09:59:15.209Z CLI info  [adarshsreeram_y1cpaK]   [500d8dc1-668c-4ca0-a8c6-482ac6103bcd]  [PRODUCTION] Making POST request to https://sdk.browserstack.com
2026-01-09T09:59:15.918Z CLI info [testhub:module]  [adarshsreeram_y1cpaK]   [500d8dc1-668c-4ca0-a8c6-482ac6103bcd]  startBuild: response=30a3xlsr9uagdiq0qtzb9wtzyssz6qtfqewyl7ba
2026-01-09T09:59:15.925Z CLI info  [adarshsreeram_y1cpaK]  [30a3xlsr9uagdiq0qtzb9wtzyssz6qtfqewyl7ba]  [500d8dc1-668c-4ca0-a8c6-482ac6103bcd]  [PRODUCTION] Making POST request to https://api.browserstack.com
2026-01-09T09:59:16.338Z CLI info  [adarshsreeram_y1cpaK]  [30a3xlsr9uagdiq0qtzb9wtzyssz6qtfqewyl7ba]  [500d8dc1-668c-4ca0-a8c6-482ac6103bcd]  [PRODUCTION] Making GET request to https://hub.browserstack.com
2026-01-09T09:59:16.628Z CLI info  [adarshsreeram_y1cpaK]  [30a3xlsr9uagdiq0qtzb9wtzyssz6qtfqewyl7ba]  [500d8dc1-668c-4ca0-a8c6-482ac6103bcd]  [PRODUCTION] Making GET request to https://hub-aps.browserstack.com
2026-01-09T09:59:16.817Z CLI info  [adarshsreeram_y1cpaK]  [30a3xlsr9uagdiq0qtzb9wtzyssz6qtfqewyl7ba]  [500d8dc1-668c-4ca0-a8c6-482ac6103bcd]  [PRODUCTION] Making GET request to https://hub-euw.browserstack.com
2026-01-09T09:59:17.665Z CLI info  [adarshsreeram_y1cpaK]  [30a3xlsr9uagdiq0qtzb9wtzyssz6qtfqewyl7ba]  [500d8dc1-668c-4ca0-a8c6-482ac6103bcd]  [PRODUCTION] Making GET request to https://hub-apse.browserstack.com
2026-01-09T09:59:26.965Z CLI info [testhub:request-queue-handler]  [adarshsreeram_y1cpaK]  [30a3xlsr9uagdiq0qtzb9wtzyssz6qtfqewyl7ba]  [500d8dc1-668c-4ca0-a8c6-482ac6103bcd]  Added the event {
  event_type: 'LogCreated',
  logs: [
    {
      testFrameworkName: 'java-generic',
      testFrameworkVersion: '18.0.2.1',
      testFrameworkState: 'LOG',
      timestamp: '2026-01-09T09:59:26.937Z',
      uuid: '12c02b8a-1d42-491d-b5dd-2eb0237fbb13',
      kind: 'TEST_LOG',
      message: '"Setting up ChromeDriver"',
      level: 'INFO',
      test_run_uuid: '12c02b8a-1d42-491d-b5dd-2eb0237fbb13'
    }
  ]
} to 75222:0
2026-01-09T09:59:27.031Z CLI info [testhub:request-queue-handler]  [adarshsreeram_y1cpaK]  [30a3xlsr9uagdiq0qtzb9wtzyssz6qtfqewyl7ba]  [500d8dc1-668c-4ca0-a8c6-482ac6103bcd]  Added the event {
  event_type: 'LogCreated',
  logs: [
    {
      testFrameworkName: 'java-generic',
      testFrameworkVersion: '18.0.2.1',
      testFrameworkState: 'LOG',
      timestamp: '2026-01-09T09:59:27.026Z',
      uuid: '12c02b8a-1d42-491d-b5dd-2eb0237fbb13',
      kind: 'TEST_LOG',
      message: '"SLF4J(W): No SLF4J providers were found."',
      level: 'ERROR',
      test_run_uuid: '12c02b8a-1d42-491d-b5dd-2eb0237fbb13'
    }
  ]
} to 75222:0
2026-01-09T09:59:27.053Z CLI info [testhub:request-queue-handler]  [adarshsreeram_y1cpaK]  [30a3xlsr9uagdiq0qtzb9wtzyssz6qtfqewyl7ba]  [500d8dc1-668c-4ca0-a8c6-482ac6103bcd]  Added the event {
  event_type: 'LogCreated',
  logs: [
    {
      testFrameworkName: 'java-generic',
      testFrameworkVersion: '18.0.2.1',
      testFrameworkState: 'LOG',
      timestamp: '2026-01-09T09:59:27.048Z',
      uuid: '12c02b8a-1d42-491d-b5dd-2eb0237fbb13',
      kind: 'TEST_LOG',
      message: '"SLF4J(W): Defaulting to no-operation (NOP) logger implementation"',
      level: 'ERROR',
      test_run_uuid: '12c02b8a-1d42-491d-b5dd-2eb0237fbb13'
    }
  ]
} to 75222:0
2026-01-09T09:59:27.072Z CLI info [testhub:request-queue-handler]  [adarshsreeram_y1cpaK]  [30a3xlsr9uagdiq0qtzb9wtzyssz6qtfqewyl7ba]  [500d8dc1-668c-4ca0-a8c6-482ac6103bcd]  Added the event {
  event_type: 'LogCreated',
  logs: [
    {
      testFrameworkName: 'java-generic',
      testFrameworkVersion: '18.0.2.1',
      testFrameworkState: 'LOG',
      timestamp: '2026-01-09T09:59:27.066Z',
      uuid: '12c02b8a-1d42-491d-b5dd-2eb0237fbb13',
      kind: 'TEST_LOG',
      message: '"SLF4J(W): See https://www.slf4j.org/codes.html#noProviders for further details."',
      level: 'ERROR',
      test_run_uuid: '12c02b8a-1d42-491d-b5dd-2eb0237fbb13'
    }
  ]
} to 75222:0
2026-01-09T09:59:27.929Z CLI info [testhub:request-queue-handler]  [adarshsreeram_y1cpaK]  [30a3xlsr9uagdiq0qtzb9wtzyssz6qtfqewyl7ba]  [500d8dc1-668c-4ca0-a8c6-482ac6103bcd]  Processing batch event [
  { event_type: 'LogCreated', logs: [ [Object] ] },
  { event_type: 'LogCreated', logs: [ [Object] ] },
  { event_type: 'LogCreated', logs: [ [Object] ] },
  { event_type: 'LogCreated', logs: [ [Object] ] }
] to 75222:0
2026-01-09T09:59:27.930Z CLI info  [adarshsreeram_y1cpaK]  [30a3xlsr9uagdiq0qtzb9wtzyssz6qtfqewyl7ba]  [500d8dc1-668c-4ca0-a8c6-482ac6103bcd]  [PRODUCTION] Making POST request to https://collector-observability.browserstack.com
2026-01-09T10:00:11.799Z CLI info [sdk:service]  [adarshsreeram_y1cpaK]  [30a3xlsr9uagdiq0qtzb9wtzyssz6qtfqewyl7ba]  [500d8dc1-668c-4ca0-a8c6-482ac6103bcd]  Driver initialized as primary driver: platformIndex=0
2026-01-09T10:00:41.023Z CLI info [testhub:request-queue-handler]  [adarshsreeram_y1cpaK]  [30a3xlsr9uagdiq0qtzb9wtzyssz6qtfqewyl7ba]  [500d8dc1-668c-4ca0-a8c6-482ac6103bcd]  Added the event {
  event_type: 'CBTSessionCreated',
  test_run: {
    uuid: '2aea64d2-66a0-4841-b9dd-86ddc0a75093',
    integrations: { browserstack: [Object] }
  }
} to 75222:0
2026-01-09T10:00:41.116Z CLI info [testhub:request-queue-handler]  [adarshsreeram_y1cpaK]  [30a3xlsr9uagdiq0qtzb9wtzyssz6qtfqewyl7ba]  [500d8dc1-668c-4ca0-a8c6-482ac6103bcd]  Added the event {
  event_type: 'TestRunStarted',
  test_run: {
    type: 'test',
    framework: 'java-generic',
    uuid: '2aea64d2-66a0-4841-b9dd-86ddc0a75093',
    name: 'Open BstackDemo and SignIN',
    body: {
      lang: 'java',
      code: 'public static void startTest() {\n' +
        '        getTestClient().start();\n' +
        '    }'
    },
    identifier: 'Open BstackDemo and SignIN',
    scope: 'bstackDemoTest',
    scopes: [ 'test', 'java', 'bstackDemoTest' ],
    file_name: 'src/main/java/utils/TestClientManager.java',
    vc_filepath: 'src/main/java/utils/TestClientManager.java',
    location: 'src/main/java/utils/TestClientManager.java',
    meta: {
      agent_version: 'java-generic-javaagent/1.50.0',
      cbt_session_linked: false,
      manual_integration: true,
      test_type: 'functional',
      test_framework: 'java-generic'
    },
    result: 'pending',
    duration_in_ms: null,
    started_at: '2026-01-09T10:00:40.902Z',
    failure: undefined,
    failure_type: undefined,
    failure_reason: undefined,
    retry_of: null,
    custom_metadata: {},
    tags: [],
    customRerunParam: { rerun_name: 'java-test' },
    hooks: [],
    product_map: {
      observability: true,
      accessibility: false,
      percy: false,
      automate: true,
      app_automate: false,
      lts: false
    }
  },
  logs: []
} to 75222:0
2026-01-09T10:00:41.522Z CLI info [testhub:request-queue-handler]  [adarshsreeram_y1cpaK]  [30a3xlsr9uagdiq0qtzb9wtzyssz6qtfqewyl7ba]  [500d8dc1-668c-4ca0-a8c6-482ac6103bcd]  Added the event {
  event_type: 'LogCreated',
  logs: [
    {
      testFrameworkName: 'java-generic',
      testFrameworkVersion: '18.0.2.1',
      testFrameworkState: 'LOG',
      timestamp: '2026-01-09T10:00:41.508Z',
      uuid: '2aea64d2-66a0-4841-b9dd-86ddc0a75093',
      kind: 'TEST_LOG',
      message: '"Opening https://bstackdemo.com/"',
      level: 'INFO',
      test_run_uuid: '2aea64d2-66a0-4841-b9dd-86ddc0a75093'
    }
  ]
} to 75222:0
2026-01-09T10:00:41.981Z CLI info [testhub:request-queue-handler]  [adarshsreeram_y1cpaK]  [30a3xlsr9uagdiq0qtzb9wtzyssz6qtfqewyl7ba]  [500d8dc1-668c-4ca0-a8c6-482ac6103bcd]  Processing batch event [
  {
    event_type: 'CBTSessionCreated',
    test_run: {
      uuid: '2aea64d2-66a0-4841-b9dd-86ddc0a75093',
      integrations: [Object]
    }
  },
  {
    event_type: 'TestRunStarted',
    test_run: {
      type: 'test',
      framework: 'java-generic',
      uuid: '2aea64d2-66a0-4841-b9dd-86ddc0a75093',
      name: 'Open BstackDemo and SignIN',
      body: [Object],
      identifier: 'Open BstackDemo and SignIN',
      scope: 'bstackDemoTest',
      scopes: [Array],
      file_name: 'src/main/java/utils/TestClientManager.java',
      vc_filepath: 'src/main/java/utils/TestClientManager.java',
      location: 'src/main/java/utils/TestClientManager.java',
      meta: [Object],
      result: 'pending',
      duration_in_ms: null,
      started_at: '2026-01-09T10:00:40.902Z',
      failure: undefined,
      failure_type: undefined,
      failure_reason: undefined,
      retry_of: null,
      custom_metadata: {},
      tags: [],
      customRerunParam: [Object],
      hooks: [],
      product_map: [Object]
    },
    logs: []
  },
  { event_type: 'LogCreated', logs: [ [Object] ] }
] to 75222:0
2026-01-09T10:00:41.983Z CLI info  [adarshsreeram_y1cpaK]  [30a3xlsr9uagdiq0qtzb9wtzyssz6qtfqewyl7ba]  [500d8dc1-668c-4ca0-a8c6-482ac6103bcd]  [PRODUCTION] Making POST request to https://collector-observability.browserstack.com
2026-01-09T10:00:42.478Z CLI info [testhub:request-queue-handler]  [adarshsreeram_y1cpaK]  [30a3xlsr9uagdiq0qtzb9wtzyssz6qtfqewyl7ba]  [500d8dc1-668c-4ca0-a8c6-482ac6103bcd]  Added the event {
  event_type: 'LogCreated',
  logs: [
    {
      testFrameworkName: 'java-generic',
      testFrameworkVersion: '18.0.2.1',
      testFrameworkState: 'LOG',
      timestamp: '2026-01-09T10:00:42.465Z',
      uuid: '2aea64d2-66a0-4841-b9dd-86ddc0a75093',
      kind: 'TEST_LOG',
      message: '"Waiting for page to load"',
      level: 'INFO',
      test_run_uuid: '2aea64d2-66a0-4841-b9dd-86ddc0a75093'
    }
  ]
} to 75222:0
2026-01-09T10:00:43.983Z CLI info [testhub:request-queue-handler]  [adarshsreeram_y1cpaK]  [30a3xlsr9uagdiq0qtzb9wtzyssz6qtfqewyl7ba]  [500d8dc1-668c-4ca0-a8c6-482ac6103bcd]  Processing batch event [ { event_type: 'LogCreated', logs: [ [Object] ] } ] to 75222:0
2026-01-09T10:00:43.989Z CLI info  [adarshsreeram_y1cpaK]  [30a3xlsr9uagdiq0qtzb9wtzyssz6qtfqewyl7ba]  [500d8dc1-668c-4ca0-a8c6-482ac6103bcd]  [PRODUCTION] Making POST request to https://collector-observability.browserstack.com
2026-01-09T10:00:44.985Z CLI info [testhub:request-queue-handler]  [adarshsreeram_y1cpaK]  [30a3xlsr9uagdiq0qtzb9wtzyssz6qtfqewyl7ba]  [500d8dc1-668c-4ca0-a8c6-482ac6103bcd]  Added the event {
  event_type: 'LogCreated',
  logs: [
    {
      testFrameworkName: 'java-generic',
      testFrameworkVersion: '18.0.2.1',
      testFrameworkState: 'LOG',
      timestamp: '2026-01-09T10:00:44.963Z',
      uuid: '2aea64d2-66a0-4841-b9dd-86ddc0a75093',
      kind: 'TEST_LOG',
      message: `"Locating Sign In element with ID 'signin'"`,
      level: 'INFO',
      test_run_uuid: '2aea64d2-66a0-4841-b9dd-86ddc0a75093'
    }
  ]
} to 75222:0
2026-01-09T10:00:45.383Z CLI info [testhub:request-queue-handler]  [adarshsreeram_y1cpaK]  [30a3xlsr9uagdiq0qtzb9wtzyssz6qtfqewyl7ba]  [500d8dc1-668c-4ca0-a8c6-482ac6103bcd]  Added the event {
  event_type: 'LogCreated',
  logs: [
    {
      testFrameworkName: 'java-generic',
      testFrameworkVersion: '18.0.2.1',
      testFrameworkState: 'LOG',
      timestamp: '2026-01-09T10:00:45.380Z',
      uuid: '2aea64d2-66a0-4841-b9dd-86ddc0a75093',
      kind: 'TEST_LOG',
      message: '"Verifying Sign In element properties"',
      level: 'INFO',
      test_run_uuid: '2aea64d2-66a0-4841-b9dd-86ddc0a75093'
    }
  ]
} to 75222:0
2026-01-09T10:00:45.483Z CLI info [testhub:request-queue-handler]  [adarshsreeram_y1cpaK]  [30a3xlsr9uagdiq0qtzb9wtzyssz6qtfqewyl7ba]  [500d8dc1-668c-4ca0-a8c6-482ac6103bcd]  Added the event {
  event_type: 'LogCreated',
  logs: [
    {
      testFrameworkName: 'java-generic',
      testFrameworkVersion: '18.0.2.1',
      testFrameworkState: 'LOG',
      timestamp: '2026-01-09T10:00:45.479Z',
      uuid: '2aea64d2-66a0-4841-b9dd-86ddc0a75093',
      kind: 'TEST_LOG',
      message: '"Element text: Sign In"',
      level: 'INFO',
      test_run_uuid: '2aea64d2-66a0-4841-b9dd-86ddc0a75093'
    }
  ]
} to 75222:0
2026-01-09T10:00:45.579Z CLI info [testhub:request-queue-handler]  [adarshsreeram_y1cpaK]  [30a3xlsr9uagdiq0qtzb9wtzyssz6qtfqewyl7ba]  [500d8dc1-668c-4ca0-a8c6-482ac6103bcd]  Added the event {
  event_type: 'LogCreated',
  logs: [
    {
      testFrameworkName: 'java-generic',
      testFrameworkVersion: '18.0.2.1',
      testFrameworkState: 'LOG',
      timestamp: '2026-01-09T10:00:45.572Z',
      uuid: '2aea64d2-66a0-4841-b9dd-86ddc0a75093',
      kind: 'TEST_LOG',
      message: '"Element is displayed: true"',
      level: 'INFO',
      test_run_uuid: '2aea64d2-66a0-4841-b9dd-86ddc0a75093'
    }
  ]
} to 75222:0
2026-01-09T10:00:45.733Z CLI info [testhub:request-queue-handler]  [adarshsreeram_y1cpaK]  [30a3xlsr9uagdiq0qtzb9wtzyssz6qtfqewyl7ba]  [500d8dc1-668c-4ca0-a8c6-482ac6103bcd]  Added the event {
  event_type: 'LogCreated',
  logs: [
    {
      testFrameworkName: 'java-generic',
      testFrameworkVersion: '18.0.2.1',
      testFrameworkState: 'LOG',
      timestamp: '2026-01-09T10:00:45.724Z',
      uuid: '2aea64d2-66a0-4841-b9dd-86ddc0a75093',
      kind: 'TEST_LOG',
      message: '"Element is enabled: true"',
      level: 'INFO',
      test_run_uuid: '2aea64d2-66a0-4841-b9dd-86ddc0a75093'
    }
  ]
} to 75222:0
2026-01-09T10:00:45.751Z CLI info [testhub:request-queue-handler]  [adarshsreeram_y1cpaK]  [30a3xlsr9uagdiq0qtzb9wtzyssz6qtfqewyl7ba]  [500d8dc1-668c-4ca0-a8c6-482ac6103bcd]  Added the event {
  event_type: 'LogCreated',
  logs: [
    {
      testFrameworkName: 'java-generic',
      testFrameworkVersion: '18.0.2.1',
      testFrameworkState: 'LOG',
      timestamp: '2026-01-09T10:00:45.744Z',
      uuid: '2aea64d2-66a0-4841-b9dd-86ddc0a75093',
      kind: 'TEST_LOG',
      message: '"Clicking on Sign In element"',
      level: 'INFO',
      test_run_uuid: '2aea64d2-66a0-4841-b9dd-86ddc0a75093'
    }
  ]
} to 75222:0
2026-01-09T10:00:45.966Z CLI info [testhub:request-queue-handler]  [adarshsreeram_y1cpaK]  [30a3xlsr9uagdiq0qtzb9wtzyssz6qtfqewyl7ba]  [500d8dc1-668c-4ca0-a8c6-482ac6103bcd]  Added the event {
  event_type: 'LogCreated',
  logs: [
    {
      testFrameworkName: 'java-generic',
      testFrameworkVersion: '18.0.2.1',
      testFrameworkState: 'LOG',
      timestamp: '2026-01-09T10:00:45.957Z',
      uuid: '2aea64d2-66a0-4841-b9dd-86ddc0a75093',
      kind: 'TEST_LOG',
      message: '"Waiting to observe result"',
      level: 'INFO',
      test_run_uuid: '2aea64d2-66a0-4841-b9dd-86ddc0a75093'
    }
  ]
} to 75222:0
2026-01-09T10:00:45.978Z CLI info [testhub:request-queue-handler]  [adarshsreeram_y1cpaK]  [30a3xlsr9uagdiq0qtzb9wtzyssz6qtfqewyl7ba]  [500d8dc1-668c-4ca0-a8c6-482ac6103bcd]  Processing batch event [
  { event_type: 'LogCreated', logs: [ [Object] ] },
  { event_type: 'LogCreated', logs: [ [Object] ] },
  { event_type: 'LogCreated', logs: [ [Object] ] },
  { event_type: 'LogCreated', logs: [ [Object] ] },
  { event_type: 'LogCreated', logs: [ [Object] ] },
  { event_type: 'LogCreated', logs: [ [Object] ] },
  { event_type: 'LogCreated', logs: [ [Object] ] }
] to 75222:0
2026-01-09T10:00:45.980Z CLI info  [adarshsreeram_y1cpaK]  [30a3xlsr9uagdiq0qtzb9wtzyssz6qtfqewyl7ba]  [500d8dc1-668c-4ca0-a8c6-482ac6103bcd]  [PRODUCTION] Making POST request to https://collector-observability.browserstack.com
2026-01-09T10:00:50.201Z CLI info [testhub:request-queue-handler]  [adarshsreeram_y1cpaK]  [30a3xlsr9uagdiq0qtzb9wtzyssz6qtfqewyl7ba]  [500d8dc1-668c-4ca0-a8c6-482ac6103bcd]  Added the event {
  event_type: 'TestRunFinished',
  test_run: {
    type: 'test',
    framework: 'java-generic',
    uuid: '2aea64d2-66a0-4841-b9dd-86ddc0a75093',
    name: 'Open BstackDemo and SignIN',
    body: {
      lang: 'java',
      code: 'public static void startTest() {\n' +
        '        getTestClient().start();\n' +
        '    }'
    },
    identifier: 'Open BstackDemo and SignIN',
    scope: 'bstackDemoTest',
    scopes: [ 'test', 'java', 'bstackDemoTest' ],
    file_name: 'src/main/java/utils/TestClientManager.java',
    vc_filepath: 'src/main/java/utils/TestClientManager.java',
    location: 'src/main/java/utils/TestClientManager.java',
    meta: {
      agent_version: 'java-generic-javaagent/1.50.0',
      cbt_session_linked: false,
      manual_integration: true,
      test_type: 'functional',
      test_framework: 'java-generic'
    },
    result: 'passed',
    duration_in_ms: 8101,
    started_at: '2026-01-09T10:00:40.902Z',
    finished_at: '2026-01-09T10:00:49.003Z',
    failure: undefined,
    failure_type: undefined,
    failure_reason: undefined,
    retry_of: null,
    custom_metadata: {},
    tags: [],
    customRerunParam: { rerun_name: 'java-test' },
    hooks: [],
    product_map: {
      observability: true,
      accessibility: false,
      percy: false,
      automate: true,
      app_automate: false,
      lts: false
    }
  },
  logs: []
} to 75222:0
2026-01-09T10:00:50.223Z CLI info [testhub:request-queue-handler]  [adarshsreeram_y1cpaK]  [30a3xlsr9uagdiq0qtzb9wtzyssz6qtfqewyl7ba]  [500d8dc1-668c-4ca0-a8c6-482ac6103bcd]  Added the event {
  event_type: 'LogCreated',
  logs: [
    {
      testFrameworkName: 'java-generic',
      testFrameworkVersion: '18.0.2.1',
      testFrameworkState: 'LOG',
      timestamp: '2026-01-09T10:00:50.214Z',
      uuid: '2aea64d2-66a0-4841-b9dd-86ddc0a75093',
      kind: 'TEST_LOG',
      message: '"Closing browser"',
      level: 'INFO',
      test_run_uuid: '2aea64d2-66a0-4841-b9dd-86ddc0a75093'
    }
  ]
} to 75222:0
2026-01-09T10:00:51.980Z CLI info [testhub:request-queue-handler]  [adarshsreeram_y1cpaK]  [30a3xlsr9uagdiq0qtzb9wtzyssz6qtfqewyl7ba]  [500d8dc1-668c-4ca0-a8c6-482ac6103bcd]  Processing batch event [
  {
    event_type: 'TestRunFinished',
    test_run: {
      type: 'test',
      framework: 'java-generic',
      uuid: '2aea64d2-66a0-4841-b9dd-86ddc0a75093',
      name: 'Open BstackDemo and SignIN',
      body: [Object],
      identifier: 'Open BstackDemo and SignIN',
      scope: 'bstackDemoTest',
      scopes: [Array],
      file_name: 'src/main/java/utils/TestClientManager.java',
      vc_filepath: 'src/main/java/utils/TestClientManager.java',
      location: 'src/main/java/utils/TestClientManager.java',
      meta: [Object],
      result: 'passed',
      duration_in_ms: 8101,
      started_at: '2026-01-09T10:00:40.902Z',
      finished_at: '2026-01-09T10:00:49.003Z',
      failure: undefined,
      failure_type: undefined,
      failure_reason: undefined,
      retry_of: null,
      custom_metadata: {},
      tags: [],
      customRerunParam: [Object],
      hooks: [],
      product_map: [Object]
    },
    logs: []
  },
  { event_type: 'LogCreated', logs: [ [Object] ] }
] to 75222:0
2026-01-09T10:00:51.981Z CLI info  [adarshsreeram_y1cpaK]  [30a3xlsr9uagdiq0qtzb9wtzyssz6qtfqewyl7ba]  [500d8dc1-668c-4ca0-a8c6-482ac6103bcd]  [PRODUCTION] Making POST request to https://collector-observability.browserstack.com
2026-01-09T10:00:52.932Z CLI info  [adarshsreeram_y1cpaK]  [30a3xlsr9uagdiq0qtzb9wtzyssz6qtfqewyl7ba]  [500d8dc1-668c-4ca0-a8c6-482ac6103bcd]  [PRODUCTION] Making PUT request to https://collector-observability.browserstack.com
2026-01-09T10:00:53.740Z CLI info [testhub:module]  [adarshsreeram_y1cpaK]  [30a3xlsr9uagdiq0qtzb9wtzyssz6qtfqewyl7ba]  [500d8dc1-668c-4ca0-a8c6-482ac6103bcd]  stopBuild: 30a3xlsr9uagdiq0qtzb9wtzyssz6qtfqewyl7ba request={"finished_at":"2026-01-09T10:00:52.931Z","finished_metadata":[],"custom_metadata":{}} response={"data":""}
2026-01-09T10:00:53.747Z CLI info  [adarshsreeram_y1cpaK]  [30a3xlsr9uagdiq0qtzb9wtzyssz6qtfqewyl7ba]  [500d8dc1-668c-4ca0-a8c6-482ac6103bcd]  [PRODUCTION] Making POST request to https://api.browserstack.com
2026-01-09T10:00:53.755Z CLI info [TEST REPORTING AND ANALYTICS:module]  [adarshsreeram_y1cpaK]  [30a3xlsr9uagdiq0qtzb9wtzyssz6qtfqewyl7ba]  [500d8dc1-668c-4ca0-a8c6-482ac6103bcd]  Visit https://automation.browserstack.com/builds/30a3xlsr9uagdiq0qtzb9wtzyssz6qtfqewyl7ba to view build report, insights, and many more debugging information all at one place!
2026-01-09T10:00:54.138Z CLI info  [adarshsreeram_y1cpaK]  [30a3xlsr9uagdiq0qtzb9wtzyssz6qtfqewyl7ba]  [500d8dc1-668c-4ca0-a8c6-482ac6103bcd]  [PRODUCTION] Making GET request to https://api.browserstack.com
2026-01-09T10:00:54.520Z CLI info  [adarshsreeram_y1cpaK]  [30a3xlsr9uagdiq0qtzb9wtzyssz6qtfqewyl7ba]  [500d8dc1-668c-4ca0-a8c6-482ac6103bcd]  [PRODUCTION] Making POST request to https://eds.browserstack.com
2026-01-09T10:00:55.859Z CLI info [main]  [adarshsreeram_y1cpaK]  [30a3xlsr9uagdiq0qtzb9wtzyssz6qtfqewyl7ba]  [500d8dc1-668c-4ca0-a8c6-482ac6103bcd]  Received graceful signal termination, performing cleanup
2026-01-09T10:01:05.151Z CLI info [main]     Server listening on port: 5400
2026-01-09T10:01:05.625Z CLI info     Config : {"userName":"[REDACTED]","accessKey":"[REDACTED]","framework":"java-generic","platforms":[{"os":"Windows","osVersion":"10","browserName":"Chrome","browserVersion":"120.0"}],"buildName":"bstack-java-demo","buildIdentifier":"run1","projectName":"BrowserStack Vanilla JAVA Sample 2","testObservability":true,"debug":true,"networkLogs":true,"consoleLogs":"info"}
2026-01-09T10:01:05.632Z CLI info     Should start debug utility: undefined
2026-01-09T10:01:05.649Z CLI info [testhub:module]  [adarshsreeram_y1cpaK]   [28f8c52a-265a-4f26-adef-a0b31b8f90e3]  Starting testhub from 75339:0
2026-01-09T10:01:05.656Z CLI info  [adarshsreeram_y1cpaK]   [28f8c52a-265a-4f26-adef-a0b31b8f90e3]  [PRODUCTION] Making POST request to https://sdk.browserstack.com
2026-01-09T10:01:06.339Z CLI info [testhub:module]  [adarshsreeram_y1cpaK]   [28f8c52a-265a-4f26-adef-a0b31b8f90e3]  startBuild: response=ovxs1khgswqabxrtmpayaza0iy7tugxpxdppwci5
2026-01-09T10:01:06.347Z CLI info  [adarshsreeram_y1cpaK]  [ovxs1khgswqabxrtmpayaza0iy7tugxpxdppwci5]  [28f8c52a-265a-4f26-adef-a0b31b8f90e3]  [PRODUCTION] Making POST request to https://api.browserstack.com
2026-01-09T10:01:06.724Z CLI info  [adarshsreeram_y1cpaK]  [ovxs1khgswqabxrtmpayaza0iy7tugxpxdppwci5]  [28f8c52a-265a-4f26-adef-a0b31b8f90e3]  [PRODUCTION] Making GET request to https://hub.browserstack.com
2026-01-09T10:01:06.943Z CLI info  [adarshsreeram_y1cpaK]  [ovxs1khgswqabxrtmpayaza0iy7tugxpxdppwci5]  [28f8c52a-265a-4f26-adef-a0b31b8f90e3]  [PRODUCTION] Making GET request to https://hub-aps.browserstack.com
2026-01-09T10:01:07.174Z CLI info  [adarshsreeram_y1cpaK]  [ovxs1khgswqabxrtmpayaza0iy7tugxpxdppwci5]  [28f8c52a-265a-4f26-adef-a0b31b8f90e3]  [PRODUCTION] Making GET request to https://hub-euw.browserstack.com
2026-01-09T10:01:08.074Z CLI info  [adarshsreeram_y1cpaK]  [ovxs1khgswqabxrtmpayaza0iy7tugxpxdppwci5]  [28f8c52a-265a-4f26-adef-a0b31b8f90e3]  [PRODUCTION] Making GET request to https://hub-apse.browserstack.com
2026-01-09T10:01:16.665Z CLI info [testhub:request-queue-handler]  [adarshsreeram_y1cpaK]  [ovxs1khgswqabxrtmpayaza0iy7tugxpxdppwci5]  [28f8c52a-265a-4f26-adef-a0b31b8f90e3]  Added the event {
  event_type: 'LogCreated',
  logs: [
    {
      testFrameworkName: 'java-generic',
      testFrameworkVersion: '18.0.2.1',
      testFrameworkState: 'LOG',
      timestamp: '2026-01-09T10:01:16.625Z',
      uuid: '2ab74b2f-1b51-4a2a-ba44-898882893a83',
      kind: 'TEST_LOG',
      message: '"Setting up ChromeDriver"',
      level: 'INFO',
      test_run_uuid: '2ab74b2f-1b51-4a2a-ba44-898882893a83'
    }
  ]
} to 75339:0
2026-01-09T10:01:16.715Z CLI info [testhub:request-queue-handler]  [adarshsreeram_y1cpaK]  [ovxs1khgswqabxrtmpayaza0iy7tugxpxdppwci5]  [28f8c52a-265a-4f26-adef-a0b31b8f90e3]  Added the event {
  event_type: 'LogCreated',
  logs: [
    {
      testFrameworkName: 'java-generic',
      testFrameworkVersion: '18.0.2.1',
      testFrameworkState: 'LOG',
      timestamp: '2026-01-09T10:01:16.708Z',
      uuid: '2ab74b2f-1b51-4a2a-ba44-898882893a83',
      kind: 'TEST_LOG',
      message: '"SLF4J(W): No SLF4J providers were found."',
      level: 'ERROR',
      test_run_uuid: '2ab74b2f-1b51-4a2a-ba44-898882893a83'
    }
  ]
} to 75339:0
2026-01-09T10:01:16.732Z CLI info [testhub:request-queue-handler]  [adarshsreeram_y1cpaK]  [ovxs1khgswqabxrtmpayaza0iy7tugxpxdppwci5]  [28f8c52a-265a-4f26-adef-a0b31b8f90e3]  Added the event {
  event_type: 'LogCreated',
  logs: [
    {
      testFrameworkName: 'java-generic',
      testFrameworkVersion: '18.0.2.1',
      testFrameworkState: 'LOG',
      timestamp: '2026-01-09T10:01:16.728Z',
      uuid: '2ab74b2f-1b51-4a2a-ba44-898882893a83',
      kind: 'TEST_LOG',
      message: '"SLF4J(W): Defaulting to no-operation (NOP) logger implementation"',
      level: 'ERROR',
      test_run_uuid: '2ab74b2f-1b51-4a2a-ba44-898882893a83'
    }
  ]
} to 75339:0
2026-01-09T10:01:16.752Z CLI info [testhub:request-queue-handler]  [adarshsreeram_y1cpaK]  [ovxs1khgswqabxrtmpayaza0iy7tugxpxdppwci5]  [28f8c52a-265a-4f26-adef-a0b31b8f90e3]  Added the event {
  event_type: 'LogCreated',
  logs: [
    {
      testFrameworkName: 'java-generic',
      testFrameworkVersion: '18.0.2.1',
      testFrameworkState: 'LOG',
      timestamp: '2026-01-09T10:01:16.748Z',
      uuid: '2ab74b2f-1b51-4a2a-ba44-898882893a83',
      kind: 'TEST_LOG',
      message: '"SLF4J(W): See https://www.slf4j.org/codes.html#noProviders for further details."',
      level: 'ERROR',
      test_run_uuid: '2ab74b2f-1b51-4a2a-ba44-898882893a83'
    }
  ]
} to 75339:0
2026-01-09T10:01:18.268Z CLI info [sdk:service]  [adarshsreeram_y1cpaK]  [ovxs1khgswqabxrtmpayaza0iy7tugxpxdppwci5]  [28f8c52a-265a-4f26-adef-a0b31b8f90e3]  Driver initialized as primary driver: platformIndex=0
2026-01-09T10:01:18.350Z CLI info [testhub:request-queue-handler]  [adarshsreeram_y1cpaK]  [ovxs1khgswqabxrtmpayaza0iy7tugxpxdppwci5]  [28f8c52a-265a-4f26-adef-a0b31b8f90e3]  Processing batch event [
  { event_type: 'LogCreated', logs: [ [Object] ] },
  { event_type: 'LogCreated', logs: [ [Object] ] },
  { event_type: 'LogCreated', logs: [ [Object] ] },
  { event_type: 'LogCreated', logs: [ [Object] ] }
] to 75339:0
2026-01-09T10:01:18.351Z CLI info  [adarshsreeram_y1cpaK]  [ovxs1khgswqabxrtmpayaza0iy7tugxpxdppwci5]  [28f8c52a-265a-4f26-adef-a0b31b8f90e3]  [PRODUCTION] Making POST request to https://collector-observability.browserstack.com
2026-01-09T10:01:31.683Z CLI info [testhub:request-queue-handler]  [adarshsreeram_y1cpaK]  [ovxs1khgswqabxrtmpayaza0iy7tugxpxdppwci5]  [28f8c52a-265a-4f26-adef-a0b31b8f90e3]  Added the event {
  event_type: 'CBTSessionCreated',
  test_run: {
    uuid: 'd4c020df-df6f-4b05-a5ec-0e1b4c5d3507',
    integrations: { browserstack: [Object] }
  }
} to 75339:0
2026-01-09T10:01:31.717Z CLI info [testhub:request-queue-handler]  [adarshsreeram_y1cpaK]  [ovxs1khgswqabxrtmpayaza0iy7tugxpxdppwci5]  [28f8c52a-265a-4f26-adef-a0b31b8f90e3]  Added the event {
  event_type: 'TestRunStarted',
  test_run: {
    type: 'test',
    framework: 'java-generic',
    uuid: 'd4c020df-df6f-4b05-a5ec-0e1b4c5d3507',
    name: 'Google Search - BrowserStack',
    body: {
      lang: 'java',
      code: 'public static void startTest() {\n' +
        '        getTestClient().start();\n' +
        '    }'
    },
    identifier: 'Google Search - BrowserStack',
    scope: 'googleTest',
    scopes: [ 'test', 'java', 'googleTest' ],
    file_name: 'src/main/java/utils/TestClientManager.java',
    vc_filepath: 'src/main/java/utils/TestClientManager.java',
    location: 'src/main/java/utils/TestClientManager.java',
    meta: {
      agent_version: 'java-generic-javaagent/1.50.0',
      cbt_session_linked: false,
      manual_integration: true,
      test_type: 'functional',
      test_framework: 'java-generic'
    },
    result: 'pending',
    duration_in_ms: null,
    started_at: '2026-01-09T10:01:31.618Z',
    failure: undefined,
    failure_type: undefined,
    failure_reason: undefined,
    retry_of: null,
    custom_metadata: {},
    tags: [],
    customRerunParam: { rerun_name: 'java-test' },
    hooks: [],
    product_map: {
      observability: true,
      accessibility: false,
      percy: false,
      automate: true,
      app_automate: false,
      lts: false
    }
  },
  logs: []
} to 75339:0
2026-01-09T10:01:32.364Z CLI info [testhub:request-queue-handler]  [adarshsreeram_y1cpaK]  [ovxs1khgswqabxrtmpayaza0iy7tugxpxdppwci5]  [28f8c52a-265a-4f26-adef-a0b31b8f90e3]  Processing batch event [
  {
    event_type: 'CBTSessionCreated',
    test_run: {
      uuid: 'd4c020df-df6f-4b05-a5ec-0e1b4c5d3507',
      integrations: [Object]
    }
  },
  {
    event_type: 'TestRunStarted',
    test_run: {
      type: 'test',
      framework: 'java-generic',
      uuid: 'd4c020df-df6f-4b05-a5ec-0e1b4c5d3507',
      name: 'Google Search - BrowserStack',
      body: [Object],
      identifier: 'Google Search - BrowserStack',
      scope: 'googleTest',
      scopes: [Array],
      file_name: 'src/main/java/utils/TestClientManager.java',
      vc_filepath: 'src/main/java/utils/TestClientManager.java',
      location: 'src/main/java/utils/TestClientManager.java',
      meta: [Object],
      result: 'pending',
      duration_in_ms: null,
      started_at: '2026-01-09T10:01:31.618Z',
      failure: undefined,
      failure_type: undefined,
      failure_reason: undefined,
      retry_of: null,
      custom_metadata: {},
      tags: [],
      customRerunParam: [Object],
      hooks: [],
      product_map: [Object]
    },
    logs: []
  }
] to 75339:0
2026-01-09T10:01:32.368Z CLI info  [adarshsreeram_y1cpaK]  [ovxs1khgswqabxrtmpayaza0iy7tugxpxdppwci5]  [28f8c52a-265a-4f26-adef-a0b31b8f90e3]  [PRODUCTION] Making POST request to https://collector-observability.browserstack.com
2026-01-09T10:01:33.094Z CLI info [testhub:request-queue-handler]  [adarshsreeram_y1cpaK]  [ovxs1khgswqabxrtmpayaza0iy7tugxpxdppwci5]  [28f8c52a-265a-4f26-adef-a0b31b8f90e3]  Added the event {
  event_type: 'LogCreated',
  logs: [
    {
      testFrameworkName: 'java-generic',
      testFrameworkVersion: '18.0.2.1',
      testFrameworkState: 'LOG',
      timestamp: '2026-01-09T10:01:33.083Z',
      uuid: 'd4c020df-df6f-4b05-a5ec-0e1b4c5d3507',
      kind: 'TEST_LOG',
      message: '"Opening https://www.google.com/"',
      level: 'INFO',
      test_run_uuid: 'd4c020df-df6f-4b05-a5ec-0e1b4c5d3507'
    }
  ]
} to 75339:0
2026-01-09T10:01:33.867Z CLI info [testhub:request-queue-handler]  [adarshsreeram_y1cpaK]  [ovxs1khgswqabxrtmpayaza0iy7tugxpxdppwci5]  [28f8c52a-265a-4f26-adef-a0b31b8f90e3]  Added the event {
  event_type: 'LogCreated',
  logs: [
    {
      testFrameworkName: 'java-generic',
      testFrameworkVersion: '18.0.2.1',
      testFrameworkState: 'LOG',
      timestamp: '2026-01-09T10:01:33.852Z',
      uuid: 'd4c020df-df6f-4b05-a5ec-0e1b4c5d3507',
      kind: 'TEST_LOG',
      message: '"Checking for consent dialog"',
      level: 'INFO',
      test_run_uuid: 'd4c020df-df6f-4b05-a5ec-0e1b4c5d3507'
    }
  ]
} to 75339:0
2026-01-09T10:01:34.359Z CLI info [testhub:request-queue-handler]  [adarshsreeram_y1cpaK]  [ovxs1khgswqabxrtmpayaza0iy7tugxpxdppwci5]  [28f8c52a-265a-4f26-adef-a0b31b8f90e3]  Processing batch event [
  { event_type: 'LogCreated', logs: [ [Object] ] },
  { event_type: 'LogCreated', logs: [ [Object] ] }
] to 75339:0
2026-01-09T10:01:34.364Z CLI info  [adarshsreeram_y1cpaK]  [ovxs1khgswqabxrtmpayaza0iy7tugxpxdppwci5]  [28f8c52a-265a-4f26-adef-a0b31b8f90e3]  [PRODUCTION] Making POST request to https://collector-observability.browserstack.com
2026-01-09T10:01:45.812Z CLI info [testhub:request-queue-handler]  [adarshsreeram_y1cpaK]  [ovxs1khgswqabxrtmpayaza0iy7tugxpxdppwci5]  [28f8c52a-265a-4f26-adef-a0b31b8f90e3]  Added the event {
  event_type: 'LogCreated',
  logs: [
    {
      testFrameworkName: 'java-generic',
      testFrameworkVersion: '18.0.2.1',
      testFrameworkState: 'LOG',
      timestamp: '2026-01-09T10:01:45.787Z',
      uuid: 'd4c020df-df6f-4b05-a5ec-0e1b4c5d3507',
      kind: 'TEST_LOG',
      message: '"No consent dialog detected"',
      level: 'INFO',
      test_run_uuid: 'd4c020df-df6f-4b05-a5ec-0e1b4c5d3507'
    }
  ]
} to 75339:0
2026-01-09T10:01:45.837Z CLI info [testhub:request-queue-handler]  [adarshsreeram_y1cpaK]  [ovxs1khgswqabxrtmpayaza0iy7tugxpxdppwci5]  [28f8c52a-265a-4f26-adef-a0b31b8f90e3]  Added the event {
  event_type: 'LogCreated',
  logs: [
    {
      testFrameworkName: 'java-generic',
      testFrameworkVersion: '18.0.2.1',
      testFrameworkState: 'LOG',
      timestamp: '2026-01-09T10:01:45.831Z',
      uuid: 'd4c020df-df6f-4b05-a5ec-0e1b4c5d3507',
      kind: 'TEST_LOG',
      message: `"Searching for 'Browserstack'"`,
      level: 'INFO',
      test_run_uuid: 'd4c020df-df6f-4b05-a5ec-0e1b4c5d3507'
    }
  ]
} to 75339:0
2026-01-09T10:01:46.368Z CLI info [testhub:request-queue-handler]  [adarshsreeram_y1cpaK]  [ovxs1khgswqabxrtmpayaza0iy7tugxpxdppwci5]  [28f8c52a-265a-4f26-adef-a0b31b8f90e3]  Processing batch event [
  { event_type: 'LogCreated', logs: [ [Object] ] },
  { event_type: 'LogCreated', logs: [ [Object] ] }
] to 75339:0
2026-01-09T10:01:46.371Z CLI info  [adarshsreeram_y1cpaK]  [ovxs1khgswqabxrtmpayaza0iy7tugxpxdppwci5]  [28f8c52a-265a-4f26-adef-a0b31b8f90e3]  [PRODUCTION] Making POST request to https://collector-observability.browserstack.com
2026-01-09T10:01:49.945Z CLI info [testhub:request-queue-handler]  [adarshsreeram_y1cpaK]  [ovxs1khgswqabxrtmpayaza0iy7tugxpxdppwci5]  [28f8c52a-265a-4f26-adef-a0b31b8f90e3]  Added the event {
  event_type: 'LogCreated',
  logs: [
    {
      testFrameworkName: 'java-generic',
      testFrameworkVersion: '18.0.2.1',
      testFrameworkState: 'LOG',
      timestamp: '2026-01-09T10:01:49.938Z',
      uuid: 'd4c020df-df6f-4b05-a5ec-0e1b4c5d3507',
      kind: 'TEST_LOG',
      message: '"Waiting for search results"',
      level: 'INFO',
      test_run_uuid: 'd4c020df-df6f-4b05-a5ec-0e1b4c5d3507'
    }
  ]
} to 75339:0
2026-01-09T10:01:50.136Z CLI info [testhub:request-queue-handler]  [adarshsreeram_y1cpaK]  [ovxs1khgswqabxrtmpayaza0iy7tugxpxdppwci5]  [28f8c52a-265a-4f26-adef-a0b31b8f90e3]  Added the event {
  event_type: 'LogCreated',
  logs: [
    {
      testFrameworkName: 'java-generic',
      testFrameworkVersion: '18.0.2.1',
      testFrameworkState: 'LOG',
      timestamp: '2026-01-09T10:01:50.126Z',
      uuid: 'd4c020df-df6f-4b05-a5ec-0e1b4c5d3507',
      kind: 'TEST_LOG',
      message: '"Clicking the first search result"',
      level: 'INFO',
      test_run_uuid: 'd4c020df-df6f-4b05-a5ec-0e1b4c5d3507'
    }
  ]
} to 75339:0
2026-01-09T10:01:50.371Z CLI info [testhub:request-queue-handler]  [adarshsreeram_y1cpaK]  [ovxs1khgswqabxrtmpayaza0iy7tugxpxdppwci5]  [28f8c52a-265a-4f26-adef-a0b31b8f90e3]  Processing batch event [
  { event_type: 'LogCreated', logs: [ [Object] ] },
  { event_type: 'LogCreated', logs: [ [Object] ] }
] to 75339:0
2026-01-09T10:01:50.374Z CLI info  [adarshsreeram_y1cpaK]  [ovxs1khgswqabxrtmpayaza0iy7tugxpxdppwci5]  [28f8c52a-265a-4f26-adef-a0b31b8f90e3]  [PRODUCTION] Making POST request to https://collector-observability.browserstack.com
2026-01-09T10:02:00.351Z CLI info [testhub:request-queue-handler]  [adarshsreeram_y1cpaK]  [ovxs1khgswqabxrtmpayaza0iy7tugxpxdppwci5]  [28f8c52a-265a-4f26-adef-a0b31b8f90e3]  Added the event {
  event_type: 'LogCreated',
  logs: [
    {
      testFrameworkName: 'java-generic',
      testFrameworkVersion: '18.0.2.1',
      testFrameworkState: 'LOG',
      timestamp: '2026-01-09T10:02:00.340Z',
      uuid: 'd4c020df-df6f-4b05-a5ec-0e1b4c5d3507',
      kind: 'TEST_LOG',
      message: `"Test failed with error: Expected condition failed: waiting for element to be clickable: By.cssSelector: h3 (tried for 10 second(s) with 500 milliseconds interval)\\nBuild info: version: '4.35.0', revision: '1c58e5028b'\\nSystem info: os.name: 'Mac OS X', os.arch: 'x86_64', os.version: '13.4', java.version: '18.0.2.1'\\nDriver info: org.openqa.selenium.chrome.ChromeDriver\\nCapabilities {acceptInsecureCerts: true, browserName: chrome, browserVersion: 120.0.6099.63, chrome: {chromedriverVersion: 120.0.6099.62 (93ab19d804d4..., userDataDir: C:\\\\Windows\\\\proxy\\\\scoped_dir...}, fedcm:accounts: true, goog:chromeOptions: {debuggerAddress: localhost:9222}, networkConnectionEnabled: false, optimalHubUrl: hub-aps.browserstack.com, pageLoadStrategy: normal, platformName: windows, proxy: Proxy(), setWindowRect: true, strictFileInteractability: false, timeouts: {implicit: 0, pageLoad: 300000, script: 30000}, unhandledPromptBehavior: dismiss and notify, webauthn:extension:credBlob: true, webauthn:extension:largeBlob: true, webauthn:extension:minPinLength: true, webauthn:extension:prf: true, webauthn:virtualAuthenticators: true, webdriver.remote.sessionid: 2d70cf06c94189961fba7f06c0f...}\\nSession ID: 2d70cf06c94189961fba7f06c0f42291e51b6633"`,
      level: 'ERROR',
      test_run_uuid: 'd4c020df-df6f-4b05-a5ec-0e1b4c5d3507'
    }
  ]
} to 75339:0
2026-01-09T10:02:00.369Z CLI info [testhub:request-queue-handler]  [adarshsreeram_y1cpaK]  [ovxs1khgswqabxrtmpayaza0iy7tugxpxdppwci5]  [28f8c52a-265a-4f26-adef-a0b31b8f90e3]  Added the event {
  event_type: 'LogCreated',
  logs: [
    {
      testFrameworkName: 'java-generic',
      testFrameworkVersion: '18.0.2.1',
      testFrameworkState: 'LOG',
      timestamp: '2026-01-09T10:02:00.361Z',
      uuid: 'd4c020df-df6f-4b05-a5ec-0e1b4c5d3507',
      kind: 'TEST_LOG',
      message: `"org.openqa.selenium.TimeoutException: Expected condition failed: waiting for element to be clickable: By.cssSelector: h3 (tried for 10 second(s) with 500 milliseconds interval)\\nBuild info: version: '4.35.0', revision: '1c58e5028b'\\nSystem info: os.name: 'Mac OS X', os.arch: 'x86_64', os.version: '13.4', java.version: '18.0.2.1'\\nDriver info: org.openqa.selenium.chrome.ChromeDriver\\nCapabilities {acceptInsecureCerts: true, browserName: chrome, browserVersion: 120.0.6099.63, chrome: {chromedriverVersion: 120.0.6099.62 (93ab19d804d4..., userDataDir: C:\\\\Windows\\\\proxy\\\\scoped_dir...}, fedcm:accounts: true, goog:chromeOptions: {debuggerAddress: localhost:9222}, networkConnectionEnabled: false, optimalHubUrl: hub-aps.browserstack.com, pageLoadStrategy: normal, platformName: windows, proxy: Proxy(), setWindowRect: true, strictFileInteractability: false, timeouts: {implicit: 0, pageLoad: 300000, script: 30000}, unhandledPromptBehavior: dismiss and notify, webauthn:extension:credBlob: true, webauthn:extension:largeBlob: true, webauthn:extension:minPinLength: true, webauthn:extension:prf: true, webauthn:virtualAuthenticators: true, webdriver.remote.sessionid: 2d70cf06c94189961fba7f06c0f...}\\nSession ID: 2d70cf06c94189961fba7f06c0f42291e51b6633"`,
      level: 'ERROR',
      test_run_uuid: 'd4c020df-df6f-4b05-a5ec-0e1b4c5d3507'
    }
  ]
} to 75339:0
2026-01-09T10:02:00.373Z CLI info [testhub:request-queue-handler]  [adarshsreeram_y1cpaK]  [ovxs1khgswqabxrtmpayaza0iy7tugxpxdppwci5]  [28f8c52a-265a-4f26-adef-a0b31b8f90e3]  Processing batch event [
  { event_type: 'LogCreated', logs: [ [Object] ] },
  { event_type: 'LogCreated', logs: [ [Object] ] }
] to 75339:0
2026-01-09T10:02:00.374Z CLI info  [adarshsreeram_y1cpaK]  [ovxs1khgswqabxrtmpayaza0iy7tugxpxdppwci5]  [28f8c52a-265a-4f26-adef-a0b31b8f90e3]  [PRODUCTION] Making POST request to https://collector-observability.browserstack.com
2026-01-09T10:02:00.388Z CLI info [testhub:request-queue-handler]  [adarshsreeram_y1cpaK]  [ovxs1khgswqabxrtmpayaza0iy7tugxpxdppwci5]  [28f8c52a-265a-4f26-adef-a0b31b8f90e3]  Added the event {
  event_type: 'LogCreated',
  logs: [
    {
      testFrameworkName: 'java-generic',
      testFrameworkVersion: '18.0.2.1',
      testFrameworkState: 'LOG',
      timestamp: '2026-01-09T10:02:00.378Z',
      uuid: 'd4c020df-df6f-4b05-a5ec-0e1b4c5d3507',
      kind: 'TEST_LOG',
      message: '"\\tat org.openqa.selenium.support.ui.WebDriverWait.timeoutException(WebDriverWait.java:84)"',
      level: 'ERROR',
      test_run_uuid: 'd4c020df-df6f-4b05-a5ec-0e1b4c5d3507'
    }
  ]
} to 75339:0
2026-01-09T10:02:00.404Z CLI info [testhub:request-queue-handler]  [adarshsreeram_y1cpaK]  [ovxs1khgswqabxrtmpayaza0iy7tugxpxdppwci5]  [28f8c52a-265a-4f26-adef-a0b31b8f90e3]  Added the event {
  event_type: 'LogCreated',
  logs: [
    {
      testFrameworkName: 'java-generic',
      testFrameworkVersion: '18.0.2.1',
      testFrameworkState: 'LOG',
      timestamp: '2026-01-09T10:02:00.398Z',
      uuid: 'd4c020df-df6f-4b05-a5ec-0e1b4c5d3507',
      kind: 'TEST_LOG',
      message: '"\\tat org.openqa.selenium.support.ui.FluentWait.until(FluentWait.java:228)"',
      level: 'ERROR',
      test_run_uuid: 'd4c020df-df6f-4b05-a5ec-0e1b4c5d3507'
    }
  ]
} to 75339:0
2026-01-09T10:02:00.416Z CLI info [testhub:request-queue-handler]  [adarshsreeram_y1cpaK]  [ovxs1khgswqabxrtmpayaza0iy7tugxpxdppwci5]  [28f8c52a-265a-4f26-adef-a0b31b8f90e3]  Added the event {
  event_type: 'LogCreated',
  logs: [
    {
      testFrameworkName: 'java-generic',
      testFrameworkVersion: '18.0.2.1',
      testFrameworkState: 'LOG',
      timestamp: '2026-01-09T10:02:00.413Z',
      uuid: 'd4c020df-df6f-4b05-a5ec-0e1b4c5d3507',
      kind: 'TEST_LOG',
      message: '"\\tat googleTest.main(googleTest.java:62)"',
      level: 'ERROR',
      test_run_uuid: 'd4c020df-df6f-4b05-a5ec-0e1b4c5d3507'
    }
  ]
} to 75339:0
2026-01-09T10:02:01.407Z CLI info [testhub:request-queue-handler]  [adarshsreeram_y1cpaK]  [ovxs1khgswqabxrtmpayaza0iy7tugxpxdppwci5]  [28f8c52a-265a-4f26-adef-a0b31b8f90e3]  Added the event {
  event_type: 'TestRunFinished',
  test_run: {
    type: 'test',
    framework: 'java-generic',
    uuid: 'd4c020df-df6f-4b05-a5ec-0e1b4c5d3507',
    name: 'Google Search - BrowserStack',
    body: {
      lang: 'java',
      code: 'public static void startTest() {\n' +
        '        getTestClient().start();\n' +
        '    }'
    },
    identifier: 'Google Search - BrowserStack',
    scope: 'googleTest',
    scopes: [ 'test', 'java', 'googleTest' ],
    file_name: 'src/main/java/utils/TestClientManager.java',
    vc_filepath: 'src/main/java/utils/TestClientManager.java',
    location: 'src/main/java/utils/TestClientManager.java',
    meta: {
      agent_version: 'java-generic-javaagent/1.50.0',
      cbt_session_linked: false,
      manual_integration: true,
      test_type: 'functional',
      test_framework: 'java-generic'
    },
    result: 'failed',
    duration_in_ms: 28808,
    started_at: '2026-01-09T10:01:31.618Z',
    finished_at: '2026-01-09T10:02:00.426Z',
    failure: [ [Object] ],
    failure_type: undefined,
    failure_reason: undefined,
    retry_of: null,
    custom_metadata: {},
    tags: [],
    customRerunParam: { rerun_name: 'java-test' },
    hooks: [],
    product_map: {
      observability: true,
      accessibility: false,
      percy: false,
      automate: true,
      app_automate: false,
      lts: false
    }
  },
  logs: []
} to 75339:0
2026-01-09T10:02:01.429Z CLI info [testhub:request-queue-handler]  [adarshsreeram_y1cpaK]  [ovxs1khgswqabxrtmpayaza0iy7tugxpxdppwci5]  [28f8c52a-265a-4f26-adef-a0b31b8f90e3]  Added the event {
  event_type: 'LogCreated',
  logs: [
    {
      testFrameworkName: 'java-generic',
      testFrameworkVersion: '18.0.2.1',
      testFrameworkState: 'LOG',
      timestamp: '2026-01-09T10:02:01.423Z',
      uuid: 'd4c020df-df6f-4b05-a5ec-0e1b4c5d3507',
      kind: 'TEST_LOG',
      message: '"Closing browser"',
      level: 'INFO',
      test_run_uuid: 'd4c020df-df6f-4b05-a5ec-0e1b4c5d3507'
    }
  ]
} to 75339:0
2026-01-09T10:02:02.375Z CLI info [testhub:request-queue-handler]  [adarshsreeram_y1cpaK]  [ovxs1khgswqabxrtmpayaza0iy7tugxpxdppwci5]  [28f8c52a-265a-4f26-adef-a0b31b8f90e3]  Processing batch event [
  { event_type: 'LogCreated', logs: [ [Object] ] },
  { event_type: 'LogCreated', logs: [ [Object] ] },
  { event_type: 'LogCreated', logs: [ [Object] ] },
  {
    event_type: 'TestRunFinished',
    test_run: {
      type: 'test',
      framework: 'java-generic',
      uuid: 'd4c020df-df6f-4b05-a5ec-0e1b4c5d3507',
      name: 'Google Search - BrowserStack',
      body: [Object],
      identifier: 'Google Search - BrowserStack',
      scope: 'googleTest',
      scopes: [Array],
      file_name: 'src/main/java/utils/TestClientManager.java',
      vc_filepath: 'src/main/java/utils/TestClientManager.java',
      location: 'src/main/java/utils/TestClientManager.java',
      meta: [Object],
      result: 'failed',
      duration_in_ms: 28808,
      started_at: '2026-01-09T10:01:31.618Z',
      finished_at: '2026-01-09T10:02:00.426Z',
      failure: [Array],
      failure_type: undefined,
      failure_reason: undefined,
      retry_of: null,
      custom_metadata: {},
      tags: [],
      customRerunParam: [Object],
      hooks: [],
      product_map: [Object]
    },
    logs: []
  },
  { event_type: 'LogCreated', logs: [ [Object] ] }
] to 75339:0
2026-01-09T10:02:02.379Z CLI info  [adarshsreeram_y1cpaK]  [ovxs1khgswqabxrtmpayaza0iy7tugxpxdppwci5]  [28f8c52a-265a-4f26-adef-a0b31b8f90e3]  [PRODUCTION] Making POST request to https://collector-observability.browserstack.com
2026-01-09T10:02:03.995Z CLI info  [adarshsreeram_y1cpaK]  [ovxs1khgswqabxrtmpayaza0iy7tugxpxdppwci5]  [28f8c52a-265a-4f26-adef-a0b31b8f90e3]  [PRODUCTION] Making PUT request to https://collector-observability.browserstack.com
2026-01-09T10:02:04.799Z CLI info [testhub:module]  [adarshsreeram_y1cpaK]  [ovxs1khgswqabxrtmpayaza0iy7tugxpxdppwci5]  [28f8c52a-265a-4f26-adef-a0b31b8f90e3]  stopBuild: ovxs1khgswqabxrtmpayaza0iy7tugxpxdppwci5 request={"finished_at":"2026-01-09T10:02:03.994Z","finished_metadata":[],"custom_metadata":{}} response={"data":""}
2026-01-09T10:02:04.803Z CLI info  [adarshsreeram_y1cpaK]  [ovxs1khgswqabxrtmpayaza0iy7tugxpxdppwci5]  [28f8c52a-265a-4f26-adef-a0b31b8f90e3]  [PRODUCTION] Making POST request to https://api.browserstack.com
2026-01-09T10:02:04.805Z CLI info [TEST REPORTING AND ANALYTICS:module]  [adarshsreeram_y1cpaK]  [ovxs1khgswqabxrtmpayaza0iy7tugxpxdppwci5]  [28f8c52a-265a-4f26-adef-a0b31b8f90e3]  Visit https://automation.browserstack.com/builds/ovxs1khgswqabxrtmpayaza0iy7tugxpxdppwci5 to view build report, insights, and many more debugging information all at one place!
2026-01-09T10:02:05.158Z CLI info  [adarshsreeram_y1cpaK]  [ovxs1khgswqabxrtmpayaza0iy7tugxpxdppwci5]  [28f8c52a-265a-4f26-adef-a0b31b8f90e3]  [PRODUCTION] Making GET request to https://api.browserstack.com
2026-01-09T10:02:05.791Z CLI info  [adarshsreeram_y1cpaK]  [ovxs1khgswqabxrtmpayaza0iy7tugxpxdppwci5]  [28f8c52a-265a-4f26-adef-a0b31b8f90e3]  [PRODUCTION] Making POST request to https://eds.browserstack.com
2026-01-09T10:02:07.071Z CLI info [main]  [adarshsreeram_y1cpaK]  [ovxs1khgswqabxrtmpayaza0iy7tugxpxdppwci5]  [28f8c52a-265a-4f26-adef-a0b31b8f90e3]  Received graceful signal termination, performing cleanup
2026-01-09T11:36:51.683Z CLI info [main]     Server listening on port: 5400
2026-01-09T11:36:52.238Z CLI info     Config : {"userName":"[REDACTED]","accessKey":"[REDACTED]","framework":"java-generic","platforms":[{"os":"Windows","osVersion":"10","browserName":"Chrome","browserVersion":"120.0"}],"buildName":"bstack-java-demo","buildIdentifier":"run1","projectName":"BrowserStack Vanilla JAVA Sample 3","testObservability":true,"debug":true,"networkLogs":true,"consoleLogs":"info"}
2026-01-09T11:36:52.246Z CLI info     Should start debug utility: undefined
2026-01-09T11:36:52.262Z CLI info [testhub:module]  [adarshsreeram_y1cpaK]   [0af26d8f-bd6b-4d88-97af-bce147f53444]  Starting testhub from 82179:0
2026-01-09T11:36:52.269Z CLI info  [adarshsreeram_y1cpaK]   [0af26d8f-bd6b-4d88-97af-bce147f53444]  [PRODUCTION] Making POST request to https://sdk.browserstack.com
2026-01-09T11:36:52.962Z CLI info [testhub:module]  [adarshsreeram_y1cpaK]   [0af26d8f-bd6b-4d88-97af-bce147f53444]  startBuild: response=1bbfptrlsnkb8qjykc9x22rz94rfpwncxnu1yodz
2026-01-09T11:36:52.971Z CLI info  [adarshsreeram_y1cpaK]  [1bbfptrlsnkb8qjykc9x22rz94rfpwncxnu1yodz]  [0af26d8f-bd6b-4d88-97af-bce147f53444]  [PRODUCTION] Making POST request to https://api.browserstack.com
2026-01-09T11:36:53.993Z CLI info  [adarshsreeram_y1cpaK]  [1bbfptrlsnkb8qjykc9x22rz94rfpwncxnu1yodz]  [0af26d8f-bd6b-4d88-97af-bce147f53444]  [PRODUCTION] Making GET request to https://hub.browserstack.com
2026-01-09T11:36:54.236Z CLI info  [adarshsreeram_y1cpaK]  [1bbfptrlsnkb8qjykc9x22rz94rfpwncxnu1yodz]  [0af26d8f-bd6b-4d88-97af-bce147f53444]  [PRODUCTION] Making GET request to https://hub-aps.browserstack.com
2026-01-09T11:36:54.398Z CLI info  [adarshsreeram_y1cpaK]  [1bbfptrlsnkb8qjykc9x22rz94rfpwncxnu1yodz]  [0af26d8f-bd6b-4d88-97af-bce147f53444]  [PRODUCTION] Making GET request to https://hub-euw.browserstack.com
2026-01-09T11:36:55.326Z CLI info  [adarshsreeram_y1cpaK]  [1bbfptrlsnkb8qjykc9x22rz94rfpwncxnu1yodz]  [0af26d8f-bd6b-4d88-97af-bce147f53444]  [PRODUCTION] Making GET request to https://hub-apse.browserstack.com
2026-01-09T11:37:04.560Z CLI info [testhub:request-queue-handler]  [adarshsreeram_y1cpaK]  [1bbfptrlsnkb8qjykc9x22rz94rfpwncxnu1yodz]  [0af26d8f-bd6b-4d88-97af-bce147f53444]  Added the event {
  event_type: 'LogCreated',
  logs: [
    {
      testFrameworkName: 'java-generic',
      testFrameworkVersion: '18.0.2.1',
      testFrameworkState: 'LOG',
      timestamp: '2026-01-09T11:37:04.527Z',
      uuid: '653bf03e-224c-491c-9a94-1ce980de38c6',
      kind: 'TEST_LOG',
      message: '"Setting up ChromeDriver"',
      level: 'INFO',
      test_run_uuid: '653bf03e-224c-491c-9a94-1ce980de38c6'
    }
  ]
} to 82179:0
2026-01-09T11:37:04.614Z CLI info [testhub:request-queue-handler]  [adarshsreeram_y1cpaK]  [1bbfptrlsnkb8qjykc9x22rz94rfpwncxnu1yodz]  [0af26d8f-bd6b-4d88-97af-bce147f53444]  Added the event {
  event_type: 'LogCreated',
  logs: [
    {
      testFrameworkName: 'java-generic',
      testFrameworkVersion: '18.0.2.1',
      testFrameworkState: 'LOG',
      timestamp: '2026-01-09T11:37:04.607Z',
      uuid: '653bf03e-224c-491c-9a94-1ce980de38c6',
      kind: 'TEST_LOG',
      message: '"SLF4J(W): No SLF4J providers were found."',
      level: 'ERROR',
      test_run_uuid: '653bf03e-224c-491c-9a94-1ce980de38c6'
    }
  ]
} to 82179:0
2026-01-09T11:37:04.638Z CLI info [testhub:request-queue-handler]  [adarshsreeram_y1cpaK]  [1bbfptrlsnkb8qjykc9x22rz94rfpwncxnu1yodz]  [0af26d8f-bd6b-4d88-97af-bce147f53444]  Added the event {
  event_type: 'LogCreated',
  logs: [
    {
      testFrameworkName: 'java-generic',
      testFrameworkVersion: '18.0.2.1',
      testFrameworkState: 'LOG',
      timestamp: '2026-01-09T11:37:04.635Z',
      uuid: '653bf03e-224c-491c-9a94-1ce980de38c6',
      kind: 'TEST_LOG',
      message: '"SLF4J(W): Defaulting to no-operation (NOP) logger implementation"',
      level: 'ERROR',
      test_run_uuid: '653bf03e-224c-491c-9a94-1ce980de38c6'
    }
  ]
} to 82179:0
2026-01-09T11:37:04.653Z CLI info [testhub:request-queue-handler]  [adarshsreeram_y1cpaK]  [1bbfptrlsnkb8qjykc9x22rz94rfpwncxnu1yodz]  [0af26d8f-bd6b-4d88-97af-bce147f53444]  Added the event {
  event_type: 'LogCreated',
  logs: [
    {
      testFrameworkName: 'java-generic',
      testFrameworkVersion: '18.0.2.1',
      testFrameworkState: 'LOG',
      timestamp: '2026-01-09T11:37:04.649Z',
      uuid: '653bf03e-224c-491c-9a94-1ce980de38c6',
      kind: 'TEST_LOG',
      message: '"SLF4J(W): See https://www.slf4j.org/codes.html#noProviders for further details."',
      level: 'ERROR',
      test_run_uuid: '653bf03e-224c-491c-9a94-1ce980de38c6'
    }
  ]
} to 82179:0
2026-01-09T11:37:04.974Z CLI info [testhub:request-queue-handler]  [adarshsreeram_y1cpaK]  [1bbfptrlsnkb8qjykc9x22rz94rfpwncxnu1yodz]  [0af26d8f-bd6b-4d88-97af-bce147f53444]  Processing batch event [
  { event_type: 'LogCreated', logs: [ [Object] ] },
  { event_type: 'LogCreated', logs: [ [Object] ] },
  { event_type: 'LogCreated', logs: [ [Object] ] },
  { event_type: 'LogCreated', logs: [ [Object] ] }
] to 82179:0
2026-01-09T11:37:04.976Z CLI info  [adarshsreeram_y1cpaK]  [1bbfptrlsnkb8qjykc9x22rz94rfpwncxnu1yodz]  [0af26d8f-bd6b-4d88-97af-bce147f53444]  [PRODUCTION] Making POST request to https://collector-observability.browserstack.com
2026-01-09T11:37:45.148Z CLI info [sdk:service]  [adarshsreeram_y1cpaK]  [1bbfptrlsnkb8qjykc9x22rz94rfpwncxnu1yodz]  [0af26d8f-bd6b-4d88-97af-bce147f53444]  Driver initialized as primary driver: platformIndex=0
2026-01-09T11:37:57.927Z CLI info [testhub:request-queue-handler]  [adarshsreeram_y1cpaK]  [1bbfptrlsnkb8qjykc9x22rz94rfpwncxnu1yodz]  [0af26d8f-bd6b-4d88-97af-bce147f53444]  Added the event {
  event_type: 'CBTSessionCreated',
  test_run: {
    uuid: '80847763-6d87-44d7-abb8-fcca6250fe2e',
    integrations: { browserstack: [Object] }
  }
} to 82179:0
2026-01-09T11:37:57.974Z CLI info [testhub:request-queue-handler]  [adarshsreeram_y1cpaK]  [1bbfptrlsnkb8qjykc9x22rz94rfpwncxnu1yodz]  [0af26d8f-bd6b-4d88-97af-bce147f53444]  Added the event {
  event_type: 'TestRunStarted',
  test_run: {
    type: 'test',
    framework: 'java-generic',
    uuid: '80847763-6d87-44d7-abb8-fcca6250fe2e',
    name: 'bstackDemoTest',
    body: {
      lang: 'java',
      code: 'public static void main(String[] args) {\n' +
        '\n' +
        '    /* \n' +
        '        - TestClient objects helps to manually feed “what test is this?” metadata into the BrowserStack SDK so it can:\n' +
        '            * create a proper test entity in Test Observability (TRA)\n' +
        '            * correlate that test with the right file, package, and session\n' +
        '            * mark session name and status in Automate \n' +
        '    */\n' +
        '\n' +
        '         TestClient testClient = new TestClient()\n' +
        '                    .setTestName("bstackDemoTest")                           // MANDATORY, logical test case name.\n' +
        '                    .setTestHierarchy(Arrays.asList("test", "java", "bstackDemoTest")) // MANDATORY, This is the "scopes" / hierarchical locator of the test.\n' +
        '                    .setFilePath("src/test/java/bstackDemoTest.java");       // MANDATORY, shows the file path of the test case TRA. \n' +
        '\n' +
        '        WebDriver driver = null;\n' +
        '\n' +
        '        try {\n' +
        '\n' +
        '            System.out.println("Setting up ChromeDriver");\n' +
        '            WebDriverManager.chromedriver().setup();\n' +
        '            driver = new ChromeDriver();\n' +
        '\n' +
        '            testClient.start();\n' +
        '\n' +
        '            driver.manage().timeouts().implicitlyWait(Duration.ofSeconds(10));\n' +
        '            driver.manage().window().maximize();\n' +
        '\n' +
        '\n' +
        '            WebDriverWait wait = new WebDriverWait(driver, Duration.ofSeconds(10));\n' +
        '\n' +
        '\n' +
        '            System.out.println("Opening https://bstackdemo.com/");\n' +
        '            driver.get("https://bstackdemo.com/");\n' +
        '\n' +
        '\n' +
        '            System.out.println("Waiting for page to load");\n' +
        '            wait.until(ExpectedConditions.titleContains("StackDemo"));\n' +
        '\n' +
        '\n' +
        `            System.out.println("Locating Sign In element with ID 'signin'");\n` +
        '            WebElement signInElement = wait.until(\n' +
        '                    ExpectedConditions.elementToBeClickable(By.id("signin"))\n' +
        '            );\n' +
        '\n' +
        '            System.out.println("Verifying Sign In element properties");\n' +
        '            System.out.println("Element text: " + signInElement.getText());\n' +
        '            System.out.println("Element is displayed: " + signInElement.isDisplayed());\n' +
        '            System.out.println("Element is enabled: " + signInElement.isEnabled());\n' +
        '\n' +
        '            System.out.println("Clicking on Sign In element");\n' +
        '            signInElement.click();\n' +
        '\n' +
        '            System.out.println("Waiting to observe result");\n' +
        '            Thread.sleep(3000);\n' +
        '            testClient.Pass();\n' +
        '\n' +
        '\n' +
        '\n' +
        '        } catch (Exception e) {\n' +
        '            System.err.println("Test failed with error: " + e.getMessage());\n' +
        '            e.printStackTrace();\n' +
        '            testClient.Fail(e);\n' +
        '\n' +
        '        } finally {\n' +
        '\n' +
        '            if (driver != null) {\n' +
        '                System.out.println("Closing browser");\n' +
        '                driver.quit();\n' +
        '            }\n' +
        '        }\n' +
        '    }'
    },
    identifier: 'bstackDemoTest',
    scope: 'bstackDemoTest',
    scopes: [ 'test', 'java', 'bstackDemoTest' ],
    file_name: 'src/test/java/bstackDemoTest.java',
    vc_filepath: 'src/test/java/bstackDemoTest.java',
    location: 'src/test/java/bstackDemoTest.java',
    meta: {
      agent_version: 'java-generic-javaagent/1.50.0',
      cbt_session_linked: false,
      manual_integration: true,
      test_type: 'functional',
      test_framework: 'java-generic'
    },
    result: 'pending',
    duration_in_ms: null,
    started_at: '2026-01-09T11:37:57.854Z',
    failure: undefined,
    failure_type: undefined,
    failure_reason: undefined,
    retry_of: null,
    custom_metadata: {},
    tags: [],
    customRerunParam: { rerun_name: 'java-test' },
    hooks: [],
    product_map: {
      observability: true,
      accessibility: false,
      percy: false,
      automate: true,
      app_automate: false,
      lts: false
    }
  },
  logs: []
} to 82179:0
2026-01-09T11:37:58.946Z CLI info [testhub:request-queue-handler]  [adarshsreeram_y1cpaK]  [1bbfptrlsnkb8qjykc9x22rz94rfpwncxnu1yodz]  [0af26d8f-bd6b-4d88-97af-bce147f53444]  Added the event {
  event_type: 'LogCreated',
  logs: [
    {
      testFrameworkName: 'java-generic',
      testFrameworkVersion: '18.0.2.1',
      testFrameworkState: 'LOG',
      timestamp: '2026-01-09T11:37:58.932Z',
      uuid: '80847763-6d87-44d7-abb8-fcca6250fe2e',
      kind: 'TEST_LOG',
      message: '"Opening https://bstackdemo.com/"',
      level: 'INFO',
      test_run_uuid: '80847763-6d87-44d7-abb8-fcca6250fe2e'
    }
  ]
} to 82179:0
2026-01-09T11:37:59.008Z CLI info [testhub:request-queue-handler]  [adarshsreeram_y1cpaK]  [1bbfptrlsnkb8qjykc9x22rz94rfpwncxnu1yodz]  [0af26d8f-bd6b-4d88-97af-bce147f53444]  Processing batch event [
  {
    event_type: 'CBTSessionCreated',
    test_run: {
      uuid: '80847763-6d87-44d7-abb8-fcca6250fe2e',
      integrations: [Object]
    }
  },
  {
    event_type: 'TestRunStarted',
    test_run: {
      type: 'test',
      framework: 'java-generic',
      uuid: '80847763-6d87-44d7-abb8-fcca6250fe2e',
      name: 'bstackDemoTest',
      body: [Object],
      identifier: 'bstackDemoTest',
      scope: 'bstackDemoTest',
      scopes: [Array],
      file_name: 'src/test/java/bstackDemoTest.java',
      vc_filepath: 'src/test/java/bstackDemoTest.java',
      location: 'src/test/java/bstackDemoTest.java',
      meta: [Object],
      result: 'pending',
      duration_in_ms: null,
      started_at: '2026-01-09T11:37:57.854Z',
      failure: undefined,
      failure_type: undefined,
      failure_reason: undefined,
      retry_of: null,
      custom_metadata: {},
      tags: [],
      customRerunParam: [Object],
      hooks: [],
      product_map: [Object]
    },
    logs: []
  },
  { event_type: 'LogCreated', logs: [ [Object] ] }
] to 82179:0
2026-01-09T11:37:59.010Z CLI info  [adarshsreeram_y1cpaK]  [1bbfptrlsnkb8qjykc9x22rz94rfpwncxnu1yodz]  [0af26d8f-bd6b-4d88-97af-bce147f53444]  [PRODUCTION] Making POST request to https://collector-observability.browserstack.com
2026-01-09T11:38:02.223Z CLI info [testhub:request-queue-handler]  [adarshsreeram_y1cpaK]  [1bbfptrlsnkb8qjykc9x22rz94rfpwncxnu1yodz]  [0af26d8f-bd6b-4d88-97af-bce147f53444]  Added the event {
  event_type: 'LogCreated',
  logs: [
    {
      testFrameworkName: 'java-generic',
      testFrameworkVersion: '18.0.2.1',
      testFrameworkState: 'LOG',
      timestamp: '2026-01-09T11:38:02.212Z',
      uuid: '80847763-6d87-44d7-abb8-fcca6250fe2e',
      kind: 'TEST_LOG',
      message: '"Waiting for page to load"',
      level: 'INFO',
      test_run_uuid: '80847763-6d87-44d7-abb8-fcca6250fe2e'
    }
  ]
} to 82179:0
2026-01-09T11:38:02.358Z CLI info [testhub:request-queue-handler]  [adarshsreeram_y1cpaK]  [1bbfptrlsnkb8qjykc9x22rz94rfpwncxnu1yodz]  [0af26d8f-bd6b-4d88-97af-bce147f53444]  Added the event {
  event_type: 'LogCreated',
  logs: [
    {
      testFrameworkName: 'java-generic',
      testFrameworkVersion: '18.0.2.1',
      testFrameworkState: 'LOG',
      timestamp: '2026-01-09T11:38:02.345Z',
      uuid: '80847763-6d87-44d7-abb8-fcca6250fe2e',
      kind: 'TEST_LOG',
      message: `"Locating Sign In element with ID 'signin'"`,
      level: 'INFO',
      test_run_uuid: '80847763-6d87-44d7-abb8-fcca6250fe2e'
    }
  ]
} to 82179:0
2026-01-09T11:38:02.728Z CLI info [testhub:request-queue-handler]  [adarshsreeram_y1cpaK]  [1bbfptrlsnkb8qjykc9x22rz94rfpwncxnu1yodz]  [0af26d8f-bd6b-4d88-97af-bce147f53444]  Added the event {
  event_type: 'LogCreated',
  logs: [
    {
      testFrameworkName: 'java-generic',
      testFrameworkVersion: '18.0.2.1',
      testFrameworkState: 'LOG',
      timestamp: '2026-01-09T11:38:02.716Z',
      uuid: '80847763-6d87-44d7-abb8-fcca6250fe2e',
      kind: 'TEST_LOG',
      message: '"Verifying Sign In element properties"',
      level: 'INFO',
      test_run_uuid: '80847763-6d87-44d7-abb8-fcca6250fe2e'
    }
  ]
} to 82179:0
2026-01-09T11:38:02.846Z CLI info [testhub:request-queue-handler]  [adarshsreeram_y1cpaK]  [1bbfptrlsnkb8qjykc9x22rz94rfpwncxnu1yodz]  [0af26d8f-bd6b-4d88-97af-bce147f53444]  Added the event {
  event_type: 'LogCreated',
  logs: [
    {
      testFrameworkName: 'java-generic',
      testFrameworkVersion: '18.0.2.1',
      testFrameworkState: 'LOG',
      timestamp: '2026-01-09T11:38:02.833Z',
      uuid: '80847763-6d87-44d7-abb8-fcca6250fe2e',
      kind: 'TEST_LOG',
      message: '"Element text: Sign In"',
      level: 'INFO',
      test_run_uuid: '80847763-6d87-44d7-abb8-fcca6250fe2e'
    }
  ]
} to 82179:0
2026-01-09T11:38:02.985Z CLI info [testhub:request-queue-handler]  [adarshsreeram_y1cpaK]  [1bbfptrlsnkb8qjykc9x22rz94rfpwncxnu1yodz]  [0af26d8f-bd6b-4d88-97af-bce147f53444]  Added the event {
  event_type: 'LogCreated',
  logs: [
    {
      testFrameworkName: 'java-generic',
      testFrameworkVersion: '18.0.2.1',
      testFrameworkState: 'LOG',
      timestamp: '2026-01-09T11:38:02.970Z',
      uuid: '80847763-6d87-44d7-abb8-fcca6250fe2e',
      kind: 'TEST_LOG',
      message: '"Element is displayed: true"',
      level: 'INFO',
      test_run_uuid: '80847763-6d87-44d7-abb8-fcca6250fe2e'
    }
  ]
} to 82179:0
2026-01-09T11:38:03.005Z CLI info [testhub:request-queue-handler]  [adarshsreeram_y1cpaK]  [1bbfptrlsnkb8qjykc9x22rz94rfpwncxnu1yodz]  [0af26d8f-bd6b-4d88-97af-bce147f53444]  Processing batch event [
  { event_type: 'LogCreated', logs: [ [Object] ] },
  { event_type: 'LogCreated', logs: [ [Object] ] },
  { event_type: 'LogCreated', logs: [ [Object] ] },
  { event_type: 'LogCreated', logs: [ [Object] ] },
  { event_type: 'LogCreated', logs: [ [Object] ] }
] to 82179:0
2026-01-09T11:38:03.006Z CLI info  [adarshsreeram_y1cpaK]  [1bbfptrlsnkb8qjykc9x22rz94rfpwncxnu1yodz]  [0af26d8f-bd6b-4d88-97af-bce147f53444]  [PRODUCTION] Making POST request to https://collector-observability.browserstack.com
2026-01-09T11:38:03.063Z CLI info [testhub:request-queue-handler]  [adarshsreeram_y1cpaK]  [1bbfptrlsnkb8qjykc9x22rz94rfpwncxnu1yodz]  [0af26d8f-bd6b-4d88-97af-bce147f53444]  Added the event {
  event_type: 'LogCreated',
  logs: [
    {
      testFrameworkName: 'java-generic',
      testFrameworkVersion: '18.0.2.1',
      testFrameworkState: 'LOG',
      timestamp: '2026-01-09T11:38:03.058Z',
      uuid: '80847763-6d87-44d7-abb8-fcca6250fe2e',
      kind: 'TEST_LOG',
      message: '"Element is enabled: true"',
      level: 'INFO',
      test_run_uuid: '80847763-6d87-44d7-abb8-fcca6250fe2e'
    }
  ]
} to 82179:0
2026-01-09T11:38:03.073Z CLI info [testhub:request-queue-handler]  [adarshsreeram_y1cpaK]  [1bbfptrlsnkb8qjykc9x22rz94rfpwncxnu1yodz]  [0af26d8f-bd6b-4d88-97af-bce147f53444]  Added the event {
  event_type: 'LogCreated',
  logs: [
    {
      testFrameworkName: 'java-generic',
      testFrameworkVersion: '18.0.2.1',
      testFrameworkState: 'LOG',
      timestamp: '2026-01-09T11:38:03.070Z',
      uuid: '80847763-6d87-44d7-abb8-fcca6250fe2e',
      kind: 'TEST_LOG',
      message: '"Clicking on Sign In element"',
      level: 'INFO',
      test_run_uuid: '80847763-6d87-44d7-abb8-fcca6250fe2e'
    }
  ]
} to 82179:0
2026-01-09T11:38:03.262Z CLI info [testhub:request-queue-handler]  [adarshsreeram_y1cpaK]  [1bbfptrlsnkb8qjykc9x22rz94rfpwncxnu1yodz]  [0af26d8f-bd6b-4d88-97af-bce147f53444]  Added the event {
  event_type: 'LogCreated',
  logs: [
    {
      testFrameworkName: 'java-generic',
      testFrameworkVersion: '18.0.2.1',
      testFrameworkState: 'LOG',
      timestamp: '2026-01-09T11:38:03.255Z',
      uuid: '80847763-6d87-44d7-abb8-fcca6250fe2e',
      kind: 'TEST_LOG',
      message: '"Waiting to observe result"',
      level: 'INFO',
      test_run_uuid: '80847763-6d87-44d7-abb8-fcca6250fe2e'
    }
  ]
} to 82179:0
2026-01-09T11:38:05.008Z CLI info [testhub:request-queue-handler]  [adarshsreeram_y1cpaK]  [1bbfptrlsnkb8qjykc9x22rz94rfpwncxnu1yodz]  [0af26d8f-bd6b-4d88-97af-bce147f53444]  Processing batch event [
  { event_type: 'LogCreated', logs: [ [Object] ] },
  { event_type: 'LogCreated', logs: [ [Object] ] },
  { event_type: 'LogCreated', logs: [ [Object] ] }
] to 82179:0
2026-01-09T11:38:05.013Z CLI info  [adarshsreeram_y1cpaK]  [1bbfptrlsnkb8qjykc9x22rz94rfpwncxnu1yodz]  [0af26d8f-bd6b-4d88-97af-bce147f53444]  [PRODUCTION] Making POST request to https://collector-observability.browserstack.com
2026-01-09T11:38:07.303Z CLI info [testhub:request-queue-handler]  [adarshsreeram_y1cpaK]  [1bbfptrlsnkb8qjykc9x22rz94rfpwncxnu1yodz]  [0af26d8f-bd6b-4d88-97af-bce147f53444]  Added the event {
  event_type: 'TestRunFinished',
  test_run: {
    type: 'test',
    framework: 'java-generic',
    uuid: '80847763-6d87-44d7-abb8-fcca6250fe2e',
    name: 'bstackDemoTest',
    body: {
      lang: 'java',
      code: 'public static void main(String[] args) {\n' +
        '\n' +
        '    /* \n' +
        '        - TestClient objects helps to manually feed “what test is this?” metadata into the BrowserStack SDK so it can:\n' +
        '            * create a proper test entity in Test Observability (TRA)\n' +
        '            * correlate that test with the right file, package, and session\n' +
        '            * mark session name and status in Automate \n' +
        '    */\n' +
        '\n' +
        '         TestClient testClient = new TestClient()\n' +
        '                    .setTestName("bstackDemoTest")                           // MANDATORY, logical test case name.\n' +
        '                    .setTestHierarchy(Arrays.asList("test", "java", "bstackDemoTest")) // MANDATORY, This is the "scopes" / hierarchical locator of the test.\n' +
        '                    .setFilePath("src/test/java/bstackDemoTest.java");       // MANDATORY, shows the file path of the test case TRA. \n' +
        '\n' +
        '        WebDriver driver = null;\n' +
        '\n' +
        '        try {\n' +
        '\n' +
        '            System.out.println("Setting up ChromeDriver");\n' +
        '            WebDriverManager.chromedriver().setup();\n' +
        '            driver = new ChromeDriver();\n' +
        '\n' +
        '            testClient.start();\n' +
        '\n' +
        '            driver.manage().timeouts().implicitlyWait(Duration.ofSeconds(10));\n' +
        '            driver.manage().window().maximize();\n' +
        '\n' +
        '\n' +
        '            WebDriverWait wait = new WebDriverWait(driver, Duration.ofSeconds(10));\n' +
        '\n' +
        '\n' +
        '            System.out.println("Opening https://bstackdemo.com/");\n' +
        '            driver.get("https://bstackdemo.com/");\n' +
        '\n' +
        '\n' +
        '            System.out.println("Waiting for page to load");\n' +
        '            wait.until(ExpectedConditions.titleContains("StackDemo"));\n' +
        '\n' +
        '\n' +
        `            System.out.println("Locating Sign In element with ID 'signin'");\n` +
        '            WebElement signInElement = wait.until(\n' +
        '                    ExpectedConditions.elementToBeClickable(By.id("signin"))\n' +
        '            );\n' +
        '\n' +
        '            System.out.println("Verifying Sign In element properties");\n' +
        '            System.out.println("Element text: " + signInElement.getText());\n' +
        '            System.out.println("Element is displayed: " + signInElement.isDisplayed());\n' +
        '            System.out.println("Element is enabled: " + signInElement.isEnabled());\n' +
        '\n' +
        '            System.out.println("Clicking on Sign In element");\n' +
        '            signInElement.click();\n' +
        '\n' +
        '            System.out.println("Waiting to observe result");\n' +
        '            Thread.sleep(3000);\n' +
        '            testClient.Pass();\n' +
        '\n' +
        '\n' +
        '\n' +
        '        } catch (Exception e) {\n' +
        '            System.err.println("Test failed with error: " + e.getMessage());\n' +
        '            e.printStackTrace();\n' +
        '            testClient.Fail(e);\n' +
        '\n' +
        '        } finally {\n' +
        '\n' +
        '            if (driver != null) {\n' +
        '                System.out.println("Closing browser");\n' +
        '                driver.quit();\n' +
        '            }\n' +
        '        }\n' +
        '    }'
    },
    identifier: 'bstackDemoTest',
    scope: 'bstackDemoTest',
    scopes: [ 'test', 'java', 'bstackDemoTest' ],
    file_name: 'src/test/java/bstackDemoTest.java',
    vc_filepath: 'src/test/java/bstackDemoTest.java',
    location: 'src/test/java/bstackDemoTest.java',
    meta: {
      agent_version: 'java-generic-javaagent/1.50.0',
      cbt_session_linked: false,
      manual_integration: true,
      test_type: 'functional',
      test_framework: 'java-generic'
    },
    result: 'passed',
    duration_in_ms: 8439,
    started_at: '2026-01-09T11:37:57.854Z',
    finished_at: '2026-01-09T11:38:06.293Z',
    failure: undefined,
    failure_type: undefined,
    failure_reason: undefined,
    retry_of: null,
    custom_metadata: {},
    tags: [],
    customRerunParam: { rerun_name: 'java-test' },
    hooks: [],
    product_map: {
      observability: true,
      accessibility: false,
      percy: false,
      automate: true,
      app_automate: false,
      lts: false
    }
  },
  logs: []
} to 82179:0
2026-01-09T11:38:07.324Z CLI info [testhub:request-queue-handler]  [adarshsreeram_y1cpaK]  [1bbfptrlsnkb8qjykc9x22rz94rfpwncxnu1yodz]  [0af26d8f-bd6b-4d88-97af-bce147f53444]  Added the event {
  event_type: 'LogCreated',
  logs: [
    {
      testFrameworkName: 'java-generic',
      testFrameworkVersion: '18.0.2.1',
      testFrameworkState: 'LOG',
      timestamp: '2026-01-09T11:38:07.318Z',
      uuid: '80847763-6d87-44d7-abb8-fcca6250fe2e',
      kind: 'TEST_LOG',
      message: '"Closing browser"',
      level: 'INFO',
      test_run_uuid: '80847763-6d87-44d7-abb8-fcca6250fe2e'
    }
  ]
} to 82179:0
2026-01-09T11:38:09.006Z CLI info [testhub:request-queue-handler]  [adarshsreeram_y1cpaK]  [1bbfptrlsnkb8qjykc9x22rz94rfpwncxnu1yodz]  [0af26d8f-bd6b-4d88-97af-bce147f53444]  Processing batch event [
  {
    event_type: 'TestRunFinished',
    test_run: {
      type: 'test',
      framework: 'java-generic',
      uuid: '80847763-6d87-44d7-abb8-fcca6250fe2e',
      name: 'bstackDemoTest',
      body: [Object],
      identifier: 'bstackDemoTest',
      scope: 'bstackDemoTest',
      scopes: [Array],
      file_name: 'src/test/java/bstackDemoTest.java',
      vc_filepath: 'src/test/java/bstackDemoTest.java',
      location: 'src/test/java/bstackDemoTest.java',
      meta: [Object],
      result: 'passed',
      duration_in_ms: 8439,
      started_at: '2026-01-09T11:37:57.854Z',
      finished_at: '2026-01-09T11:38:06.293Z',
      failure: undefined,
      failure_type: undefined,
      failure_reason: undefined,
      retry_of: null,
      custom_metadata: {},
      tags: [],
      customRerunParam: [Object],
      hooks: [],
      product_map: [Object]
    },
    logs: []
  },
  { event_type: 'LogCreated', logs: [ [Object] ] }
] to 82179:0
2026-01-09T11:38:09.008Z CLI info  [adarshsreeram_y1cpaK]  [1bbfptrlsnkb8qjykc9x22rz94rfpwncxnu1yodz]  [0af26d8f-bd6b-4d88-97af-bce147f53444]  [PRODUCTION] Making POST request to https://collector-observability.browserstack.com
2026-01-09T11:38:09.974Z CLI info  [adarshsreeram_y1cpaK]  [1bbfptrlsnkb8qjykc9x22rz94rfpwncxnu1yodz]  [0af26d8f-bd6b-4d88-97af-bce147f53444]  [PRODUCTION] Making PUT request to https://collector-observability.browserstack.com
2026-01-09T11:38:10.908Z CLI info [testhub:module]  [adarshsreeram_y1cpaK]  [1bbfptrlsnkb8qjykc9x22rz94rfpwncxnu1yodz]  [0af26d8f-bd6b-4d88-97af-bce147f53444]  stopBuild: 1bbfptrlsnkb8qjykc9x22rz94rfpwncxnu1yodz request={"finished_at":"2026-01-09T11:38:09.973Z","finished_metadata":[],"custom_metadata":{}} response={"data":""}
2026-01-09T11:38:10.911Z CLI info  [adarshsreeram_y1cpaK]  [1bbfptrlsnkb8qjykc9x22rz94rfpwncxnu1yodz]  [0af26d8f-bd6b-4d88-97af-bce147f53444]  [PRODUCTION] Making POST request to https://api.browserstack.com
2026-01-09T11:38:10.915Z CLI info [TEST REPORTING AND ANALYTICS:module]  [adarshsreeram_y1cpaK]  [1bbfptrlsnkb8qjykc9x22rz94rfpwncxnu1yodz]  [0af26d8f-bd6b-4d88-97af-bce147f53444]  Visit https://automation.browserstack.com/builds/1bbfptrlsnkb8qjykc9x22rz94rfpwncxnu1yodz to view build report, insights, and many more debugging information all at one place!
2026-01-09T11:38:11.246Z CLI info  [adarshsreeram_y1cpaK]  [1bbfptrlsnkb8qjykc9x22rz94rfpwncxnu1yodz]  [0af26d8f-bd6b-4d88-97af-bce147f53444]  [PRODUCTION] Making GET request to https://api.browserstack.com
2026-01-09T11:38:11.611Z CLI info  [adarshsreeram_y1cpaK]  [1bbfptrlsnkb8qjykc9x22rz94rfpwncxnu1yodz]  [0af26d8f-bd6b-4d88-97af-bce147f53444]  [PRODUCTION] Making POST request to https://eds.browserstack.com
2026-01-09T11:38:12.814Z CLI info [main]  [adarshsreeram_y1cpaK]  [1bbfptrlsnkb8qjykc9x22rz94rfpwncxnu1yodz]  [0af26d8f-bd6b-4d88-97af-bce147f53444]  Received graceful signal termination, performing cleanup
2026-01-09T11:38:22.259Z CLI info [main]     Server listening on port: 5400
2026-01-09T11:38:22.747Z CLI info     Config : {"userName":"[REDACTED]","accessKey":"[REDACTED]","framework":"java-generic","platforms":[{"os":"Windows","osVersion":"10","browserName":"Chrome","browserVersion":"120.0"}],"buildName":"bstack-java-demo","buildIdentifier":"run1","projectName":"BrowserStack Vanilla JAVA Sample 3","testObservability":true,"debug":true,"networkLogs":true,"consoleLogs":"info"}
2026-01-09T11:38:22.755Z CLI info     Should start debug utility: undefined
2026-01-09T11:38:22.773Z CLI info [testhub:module]  [adarshsreeram_y1cpaK]   [5261d815-7693-426d-b3b8-3c8ea5b31a47]  Starting testhub from 82314:0
2026-01-09T11:38:22.781Z CLI info  [adarshsreeram_y1cpaK]   [5261d815-7693-426d-b3b8-3c8ea5b31a47]  [PRODUCTION] Making POST request to https://sdk.browserstack.com
2026-01-09T11:38:23.578Z CLI info [testhub:module]  [adarshsreeram_y1cpaK]   [5261d815-7693-426d-b3b8-3c8ea5b31a47]  startBuild: response=0pkykft0o4s8aqjj6vyuages4iivio925p82fi9o
2026-01-09T11:38:23.586Z CLI info  [adarshsreeram_y1cpaK]  [0pkykft0o4s8aqjj6vyuages4iivio925p82fi9o]  [5261d815-7693-426d-b3b8-3c8ea5b31a47]  [PRODUCTION] Making POST request to https://api.browserstack.com
2026-01-09T11:38:23.983Z CLI info  [adarshsreeram_y1cpaK]  [0pkykft0o4s8aqjj6vyuages4iivio925p82fi9o]  [5261d815-7693-426d-b3b8-3c8ea5b31a47]  [PRODUCTION] Making GET request to https://hub.browserstack.com
2026-01-09T11:38:24.222Z CLI info  [adarshsreeram_y1cpaK]  [0pkykft0o4s8aqjj6vyuages4iivio925p82fi9o]  [5261d815-7693-426d-b3b8-3c8ea5b31a47]  [PRODUCTION] Making GET request to https://hub-aps.browserstack.com
2026-01-09T11:38:24.381Z CLI info  [adarshsreeram_y1cpaK]  [0pkykft0o4s8aqjj6vyuages4iivio925p82fi9o]  [5261d815-7693-426d-b3b8-3c8ea5b31a47]  [PRODUCTION] Making GET request to https://hub-euw.browserstack.com
2026-01-09T11:38:25.227Z CLI info  [adarshsreeram_y1cpaK]  [0pkykft0o4s8aqjj6vyuages4iivio925p82fi9o]  [5261d815-7693-426d-b3b8-3c8ea5b31a47]  [PRODUCTION] Making GET request to https://hub-apse.browserstack.com
2026-01-09T11:38:33.660Z CLI info [testhub:request-queue-handler]  [adarshsreeram_y1cpaK]  [0pkykft0o4s8aqjj6vyuages4iivio925p82fi9o]  [5261d815-7693-426d-b3b8-3c8ea5b31a47]  Added the event {
  event_type: 'LogCreated',
  logs: [
    {
      testFrameworkName: 'java-generic',
      testFrameworkVersion: '18.0.2.1',
      testFrameworkState: 'LOG',
      timestamp: '2026-01-09T11:38:33.626Z',
      uuid: '8475ded2-b887-4571-8868-5ac915801867',
      kind: 'TEST_LOG',
      message: '"Setting up ChromeDriver"',
      level: 'INFO',
      test_run_uuid: '8475ded2-b887-4571-8868-5ac915801867'
    }
  ]
} to 82314:0
2026-01-09T11:38:33.772Z CLI info [testhub:request-queue-handler]  [adarshsreeram_y1cpaK]  [0pkykft0o4s8aqjj6vyuages4iivio925p82fi9o]  [5261d815-7693-426d-b3b8-3c8ea5b31a47]  Added the event {
  event_type: 'LogCreated',
  logs: [
    {
      testFrameworkName: 'java-generic',
      testFrameworkVersion: '18.0.2.1',
      testFrameworkState: 'LOG',
      timestamp: '2026-01-09T11:38:33.758Z',
      uuid: '8475ded2-b887-4571-8868-5ac915801867',
      kind: 'TEST_LOG',
      message: '"SLF4J(W): No SLF4J providers were found."',
      level: 'ERROR',
      test_run_uuid: '8475ded2-b887-4571-8868-5ac915801867'
    }
  ]
} to 82314:0
2026-01-09T11:38:33.905Z CLI info [testhub:request-queue-handler]  [adarshsreeram_y1cpaK]  [0pkykft0o4s8aqjj6vyuages4iivio925p82fi9o]  [5261d815-7693-426d-b3b8-3c8ea5b31a47]  Added the event {
  event_type: 'LogCreated',
  logs: [
    {
      testFrameworkName: 'java-generic',
      testFrameworkVersion: '18.0.2.1',
      testFrameworkState: 'LOG',
      timestamp: '2026-01-09T11:38:33.893Z',
      uuid: '8475ded2-b887-4571-8868-5ac915801867',
      kind: 'TEST_LOG',
      message: '"SLF4J(W): Defaulting to no-operation (NOP) logger implementation"',
      level: 'ERROR',
      test_run_uuid: '8475ded2-b887-4571-8868-5ac915801867'
    }
  ]
} to 82314:0
2026-01-09T11:38:33.931Z CLI info [testhub:request-queue-handler]  [adarshsreeram_y1cpaK]  [0pkykft0o4s8aqjj6vyuages4iivio925p82fi9o]  [5261d815-7693-426d-b3b8-3c8ea5b31a47]  Added the event {
  event_type: 'LogCreated',
  logs: [
    {
      testFrameworkName: 'java-generic',
      testFrameworkVersion: '18.0.2.1',
      testFrameworkState: 'LOG',
      timestamp: '2026-01-09T11:38:33.926Z',
      uuid: '8475ded2-b887-4571-8868-5ac915801867',
      kind: 'TEST_LOG',
      message: '"SLF4J(W): See https://www.slf4j.org/codes.html#noProviders for further details."',
      level: 'ERROR',
      test_run_uuid: '8475ded2-b887-4571-8868-5ac915801867'
    }
  ]
} to 82314:0
2026-01-09T11:38:35.588Z CLI info [testhub:request-queue-handler]  [adarshsreeram_y1cpaK]  [0pkykft0o4s8aqjj6vyuages4iivio925p82fi9o]  [5261d815-7693-426d-b3b8-3c8ea5b31a47]  Processing batch event [
  { event_type: 'LogCreated', logs: [ [Object] ] },
  { event_type: 'LogCreated', logs: [ [Object] ] },
  { event_type: 'LogCreated', logs: [ [Object] ] },
  { event_type: 'LogCreated', logs: [ [Object] ] }
] to 82314:0
2026-01-09T11:38:35.589Z CLI info  [adarshsreeram_y1cpaK]  [0pkykft0o4s8aqjj6vyuages4iivio925p82fi9o]  [5261d815-7693-426d-b3b8-3c8ea5b31a47]  [PRODUCTION] Making POST request to https://collector-observability.browserstack.com
2026-01-09T11:38:35.642Z CLI info [sdk:service]  [adarshsreeram_y1cpaK]  [0pkykft0o4s8aqjj6vyuages4iivio925p82fi9o]  [5261d815-7693-426d-b3b8-3c8ea5b31a47]  Driver initialized as primary driver: platformIndex=0
2026-01-09T11:38:45.830Z CLI info [testhub:request-queue-handler]  [adarshsreeram_y1cpaK]  [0pkykft0o4s8aqjj6vyuages4iivio925p82fi9o]  [5261d815-7693-426d-b3b8-3c8ea5b31a47]  Added the event {
  event_type: 'CBTSessionCreated',
  test_run: {
    uuid: '46365236-2cb3-49f3-9df5-3463f8b157eb',
    integrations: { browserstack: [Object] }
  }
} to 82314:0
2026-01-09T11:38:45.870Z CLI info [testhub:request-queue-handler]  [adarshsreeram_y1cpaK]  [0pkykft0o4s8aqjj6vyuages4iivio925p82fi9o]  [5261d815-7693-426d-b3b8-3c8ea5b31a47]  Added the event {
  event_type: 'TestRunStarted',
  test_run: {
    type: 'test',
    framework: 'java-generic',
    uuid: '46365236-2cb3-49f3-9df5-3463f8b157eb',
    name: 'googleTest',
    body: {
      lang: 'java',
      code: 'public static void main(String[] args) {\n' +
        '\n' +
        '        TestClient testClient = new TestClient()\n' +
        '            .setTestName("googleTest")                          \n' +
        '            .setTestHierarchy(Arrays.asList("test", "java", "googleTest")) \n' +
        '            .setFilePath("src/test/java/googleTest.java");    \n' +
        '\n' +
        '        WebDriver driver = null;\n' +
        '\n' +
        '        try {\n' +
        '            System.out.println("Setting up ChromeDriver");\n' +
        '            WebDriverManager.chromedriver().setup();\n' +
        '            driver = new ChromeDriver();\n' +
        '\n' +
        '            testClient.start();\n' +
        '\n' +
        '            driver.manage().timeouts().implicitlyWait(Duration.ofSeconds(10));\n' +
        '            driver.manage().window().maximize();\n' +
        '\n' +
        '            WebDriverWait wait = new WebDriverWait(driver, Duration.ofSeconds(10));\n' +
        '\n' +
        '            System.out.println("Opening https://www.google.com/");\n' +
        '            driver.get("https://www.google.com/");\n' +
        '\n' +
        '            // Handle consent dialog if it appears\n' +
        '            try {\n' +
        '                System.out.println("Checking for consent dialog");\n' +
        '                WebDriverWait shortWait = new WebDriverWait(driver, Duration.ofSeconds(5));\n' +
        '                WebElement consentButton = shortWait.until(ExpectedConditions.presenceOfElementLocated(\n' +
        `                        By.cssSelector("button[id='L2AGLb'], button[aria-label*='Accept'], div[role='dialog'] button")\n` +
        '                ));\n' +
        '                if (consentButton.isDisplayed()) {\n' +
        '                    System.out.println("Accepting Google consent");\n' +
        '                    consentButton.click();\n' +
        '                }\n' +
        '            } catch (Exception ignored) {\n' +
        '                System.out.println("No consent dialog detected");\n' +
        '            }\n' +
        '\n' +
        `            System.out.println("Searching for 'Browserstack'");\n` +
        '            WebElement searchBox = wait.until(ExpectedConditions.visibilityOfElementLocated(By.name("q")));\n' +
        '            searchBox.sendKeys("Browserstack");\n' +
        '            searchBox.sendKeys(Keys.ENTER);\n' +
        '\n' +
        '            System.out.println("Waiting for search results");\n' +
        '            wait.until(ExpectedConditions.or(\n' +
        '                    ExpectedConditions.titleContains("Browserstack"),\n' +
        '                    ExpectedConditions.titleContains("BrowserStack")\n' +
        '            ));\n' +
        '\n' +
        '            System.out.println("Clicking the first search result");\n' +
        '            WebElement firstResult = wait.until(ExpectedConditions.elementToBeClickable(By.cssSelector("h3")));\n' +
        '            firstResult.click();\n' +
        '\n' +
        '            System.out.println("Verifying navigation to a BrowserStack page");\n' +
        '            wait.until(ExpectedConditions.or(\n' +
        '                    ExpectedConditions.urlContains("browserstack"),\n' +
        '                    ExpectedConditions.titleContains("BrowserStack")\n' +
        '            ));\n' +
        '\n' +
        '            testClient.Pass();\n' +
        '            System.out.println("Test passed");\n' +
        '        } catch (Exception e) {\n' +
        '            System.err.println("Test failed with error: " + e.getMessage());\n' +
        '            e.printStackTrace();\n' +
        '            testClient.Fail(e);\n' +
        '        } finally {\n' +
        '            if (driver != null) {\n' +
        '                System.out.println("Closing browser");\n' +
        '                driver.quit();\n' +
        '            }\n' +
        '        }\n' +
        '    }'
    },
    identifier: 'googleTest',
    scope: 'googleTest',
    scopes: [ 'test', 'java', 'googleTest' ],
    file_name: 'src/test/java/googleTest.java',
    vc_filepath: 'src/test/java/googleTest.java',
    location: 'src/test/java/googleTest.java',
    meta: {
      agent_version: 'java-generic-javaagent/1.50.0',
      cbt_session_linked: false,
      manual_integration: true,
      test_type: 'functional',
      test_framework: 'java-generic'
    },
    result: 'pending',
    duration_in_ms: null,
    started_at: '2026-01-09T11:38:45.741Z',
    failure: undefined,
    failure_type: undefined,
    failure_reason: undefined,
    retry_of: null,
    custom_metadata: {},
    tags: [],
    customRerunParam: { rerun_name: 'java-test' },
    hooks: [],
    product_map: {
      observability: true,
      accessibility: false,
      percy: false,
      automate: true,
      app_automate: false,
      lts: false
    }
  },
  logs: []
} to 82314:0
2026-01-09T11:38:47.060Z CLI info [testhub:request-queue-handler]  [adarshsreeram_y1cpaK]  [0pkykft0o4s8aqjj6vyuages4iivio925p82fi9o]  [5261d815-7693-426d-b3b8-3c8ea5b31a47]  Added the event {
  event_type: 'LogCreated',
  logs: [
    {
      testFrameworkName: 'java-generic',
      testFrameworkVersion: '18.0.2.1',
      testFrameworkState: 'LOG',
      timestamp: '2026-01-09T11:38:47.047Z',
      uuid: '46365236-2cb3-49f3-9df5-3463f8b157eb',
      kind: 'TEST_LOG',
      message: '"Opening https://www.google.com/"',
      level: 'INFO',
      test_run_uuid: '46365236-2cb3-49f3-9df5-3463f8b157eb'
    }
  ]
} to 82314:0
2026-01-09T11:38:47.611Z CLI info [testhub:request-queue-handler]  [adarshsreeram_y1cpaK]  [0pkykft0o4s8aqjj6vyuages4iivio925p82fi9o]  [5261d815-7693-426d-b3b8-3c8ea5b31a47]  Processing batch event [
  {
    event_type: 'CBTSessionCreated',
    test_run: {
      uuid: '46365236-2cb3-49f3-9df5-3463f8b157eb',
      integrations: [Object]
    }
  },
  {
    event_type: 'TestRunStarted',
    test_run: {
      type: 'test',
      framework: 'java-generic',
      uuid: '46365236-2cb3-49f3-9df5-3463f8b157eb',
      name: 'googleTest',
      body: [Object],
      identifier: 'googleTest',
      scope: 'googleTest',
      scopes: [Array],
      file_name: 'src/test/java/googleTest.java',
      vc_filepath: 'src/test/java/googleTest.java',
      location: 'src/test/java/googleTest.java',
      meta: [Object],
      result: 'pending',
      duration_in_ms: null,
      started_at: '2026-01-09T11:38:45.741Z',
      failure: undefined,
      failure_type: undefined,
      failure_reason: undefined,
      retry_of: null,
      custom_metadata: {},
      tags: [],
      customRerunParam: [Object],
      hooks: [],
      product_map: [Object]
    },
    logs: []
  },
  { event_type: 'LogCreated', logs: [ [Object] ] }
] to 82314:0
2026-01-09T11:38:47.613Z CLI info  [adarshsreeram_y1cpaK]  [0pkykft0o4s8aqjj6vyuages4iivio925p82fi9o]  [5261d815-7693-426d-b3b8-3c8ea5b31a47]  [PRODUCTION] Making POST request to https://collector-observability.browserstack.com
2026-01-09T11:38:48.529Z CLI info [testhub:request-queue-handler]  [adarshsreeram_y1cpaK]  [0pkykft0o4s8aqjj6vyuages4iivio925p82fi9o]  [5261d815-7693-426d-b3b8-3c8ea5b31a47]  Added the event {
  event_type: 'LogCreated',
  logs: [
    {
      testFrameworkName: 'java-generic',
      testFrameworkVersion: '18.0.2.1',
      testFrameworkState: 'LOG',
      timestamp: '2026-01-09T11:38:48.516Z',
      uuid: '46365236-2cb3-49f3-9df5-3463f8b157eb',
      kind: 'TEST_LOG',
      message: '"Checking for consent dialog"',
      level: 'INFO',
      test_run_uuid: '46365236-2cb3-49f3-9df5-3463f8b157eb'
    }
  ]
} to 82314:0
2026-01-09T11:38:49.606Z CLI info [testhub:request-queue-handler]  [adarshsreeram_y1cpaK]  [0pkykft0o4s8aqjj6vyuages4iivio925p82fi9o]  [5261d815-7693-426d-b3b8-3c8ea5b31a47]  Processing batch event [ { event_type: 'LogCreated', logs: [ [Object] ] } ] to 82314:0
2026-01-09T11:38:49.607Z CLI info  [adarshsreeram_y1cpaK]  [0pkykft0o4s8aqjj6vyuages4iivio925p82fi9o]  [5261d815-7693-426d-b3b8-3c8ea5b31a47]  [PRODUCTION] Making POST request to https://collector-observability.browserstack.com
2026-01-09T11:39:23.585Z CLI info [testhub:request-queue-handler]  [adarshsreeram_y1cpaK]  [0pkykft0o4s8aqjj6vyuages4iivio925p82fi9o]  [5261d815-7693-426d-b3b8-3c8ea5b31a47]  Added the event {
  event_type: 'LogCreated',
  logs: [
    {
      testFrameworkName: 'java-generic',
      testFrameworkVersion: '18.0.2.1',
      testFrameworkState: 'LOG',
      timestamp: '2026-01-09T11:39:23.508Z',
      uuid: '46365236-2cb3-49f3-9df5-3463f8b157eb',
      kind: 'TEST_LOG',
      message: '"No consent dialog detected"',
      level: 'INFO',
      test_run_uuid: '46365236-2cb3-49f3-9df5-3463f8b157eb'
    }
  ]
} to 82314:0
2026-01-09T11:39:23.626Z CLI info [testhub:request-queue-handler]  [adarshsreeram_y1cpaK]  [0pkykft0o4s8aqjj6vyuages4iivio925p82fi9o]  [5261d815-7693-426d-b3b8-3c8ea5b31a47]  Processing batch event [ { event_type: 'LogCreated', logs: [ [Object] ] } ] to 82314:0
2026-01-09T11:39:23.631Z CLI info  [adarshsreeram_y1cpaK]  [0pkykft0o4s8aqjj6vyuages4iivio925p82fi9o]  [5261d815-7693-426d-b3b8-3c8ea5b31a47]  [PRODUCTION] Making POST request to https://collector-observability.browserstack.com
2026-01-09T11:39:23.684Z CLI info [testhub:request-queue-handler]  [adarshsreeram_y1cpaK]  [0pkykft0o4s8aqjj6vyuages4iivio925p82fi9o]  [5261d815-7693-426d-b3b8-3c8ea5b31a47]  Added the event {
  event_type: 'LogCreated',
  logs: [
    {
      testFrameworkName: 'java-generic',
      testFrameworkVersion: '18.0.2.1',
      testFrameworkState: 'LOG',
      timestamp: '2026-01-09T11:39:23.621Z',
      uuid: '46365236-2cb3-49f3-9df5-3463f8b157eb',
      kind: 'TEST_LOG',
      message: `"Searching for 'Browserstack'"`,
      level: 'INFO',
      test_run_uuid: '46365236-2cb3-49f3-9df5-3463f8b157eb'
    }
  ]
} to 82314:0
2026-01-09T11:39:25.626Z CLI info [testhub:request-queue-handler]  [adarshsreeram_y1cpaK]  [0pkykft0o4s8aqjj6vyuages4iivio925p82fi9o]  [5261d815-7693-426d-b3b8-3c8ea5b31a47]  Processing batch event [ { event_type: 'LogCreated', logs: [ [Object] ] } ] to 82314:0
2026-01-09T11:39:25.629Z CLI info  [adarshsreeram_y1cpaK]  [0pkykft0o4s8aqjj6vyuages4iivio925p82fi9o]  [5261d815-7693-426d-b3b8-3c8ea5b31a47]  [PRODUCTION] Making POST request to https://collector-observability.browserstack.com
2026-01-09T11:39:27.071Z CLI info [testhub:request-queue-handler]  [adarshsreeram_y1cpaK]  [0pkykft0o4s8aqjj6vyuages4iivio925p82fi9o]  [5261d815-7693-426d-b3b8-3c8ea5b31a47]  Added the event {
  event_type: 'LogCreated',
  logs: [
    {
      testFrameworkName: 'java-generic',
      testFrameworkVersion: '18.0.2.1',
      testFrameworkState: 'LOG',
      timestamp: '2026-01-09T11:39:27.067Z',
      uuid: '46365236-2cb3-49f3-9df5-3463f8b157eb',
      kind: 'TEST_LOG',
      message: '"Waiting for search results"',
      level: 'INFO',
      test_run_uuid: '46365236-2cb3-49f3-9df5-3463f8b157eb'
    }
  ]
} to 82314:0
2026-01-09T11:39:27.375Z CLI info [testhub:request-queue-handler]  [adarshsreeram_y1cpaK]  [0pkykft0o4s8aqjj6vyuages4iivio925p82fi9o]  [5261d815-7693-426d-b3b8-3c8ea5b31a47]  Added the event {
  event_type: 'LogCreated',
  logs: [
    {
      testFrameworkName: 'java-generic',
      testFrameworkVersion: '18.0.2.1',
      testFrameworkState: 'LOG',
      timestamp: '2026-01-09T11:39:27.368Z',
      uuid: '46365236-2cb3-49f3-9df5-3463f8b157eb',
      kind: 'TEST_LOG',
      message: '"Clicking the first search result"',
      level: 'INFO',
      test_run_uuid: '46365236-2cb3-49f3-9df5-3463f8b157eb'
    }
  ]
} to 82314:0
2026-01-09T11:39:27.631Z CLI info [testhub:request-queue-handler]  [adarshsreeram_y1cpaK]  [0pkykft0o4s8aqjj6vyuages4iivio925p82fi9o]  [5261d815-7693-426d-b3b8-3c8ea5b31a47]  Processing batch event [
  { event_type: 'LogCreated', logs: [ [Object] ] },
  { event_type: 'LogCreated', logs: [ [Object] ] }
] to 82314:0
2026-01-09T11:39:27.634Z CLI info  [adarshsreeram_y1cpaK]  [0pkykft0o4s8aqjj6vyuages4iivio925p82fi9o]  [5261d815-7693-426d-b3b8-3c8ea5b31a47]  [PRODUCTION] Making POST request to https://collector-observability.browserstack.com
2026-01-09T11:39:37.752Z CLI info [testhub:request-queue-handler]  [adarshsreeram_y1cpaK]  [0pkykft0o4s8aqjj6vyuages4iivio925p82fi9o]  [5261d815-7693-426d-b3b8-3c8ea5b31a47]  Added the event {
  event_type: 'LogCreated',
  logs: [
    {
      testFrameworkName: 'java-generic',
      testFrameworkVersion: '18.0.2.1',
      testFrameworkState: 'LOG',
      timestamp: '2026-01-09T11:39:37.744Z',
      uuid: '46365236-2cb3-49f3-9df5-3463f8b157eb',
      kind: 'TEST_LOG',
      message: `"Test failed with error: Expected condition failed: waiting for element to be clickable: By.cssSelector: h3 (tried for 10 second(s) with 500 milliseconds interval)\\nBuild info: version: '4.35.0', revision: '1c58e5028b'\\nSystem info: os.name: 'Mac OS X', os.arch: 'x86_64', os.version: '13.4', java.version: '18.0.2.1'\\nDriver info: org.openqa.selenium.chrome.ChromeDriver\\nCapabilities {acceptInsecureCerts: true, browserName: chrome, browserVersion: 120.0.6099.63, chrome: {chromedriverVersion: 120.0.6099.62 (93ab19d804d4..., userDataDir: C:\\\\Windows\\\\proxy\\\\scoped_dir...}, fedcm:accounts: true, goog:chromeOptions: {debuggerAddress: localhost:9222}, networkConnectionEnabled: false, optimalHubUrl: hub-aps.browserstack.com, pageLoadStrategy: normal, platformName: windows, proxy: Proxy(), setWindowRect: true, strictFileInteractability: false, timeouts: {implicit: 0, pageLoad: 300000, script: 30000}, unhandledPromptBehavior: dismiss and notify, webauthn:extension:credBlob: true, webauthn:extension:largeBlob: true, webauthn:extension:minPinLength: true, webauthn:extension:prf: true, webauthn:virtualAuthenticators: true, webdriver.remote.sessionid: dcc03fa0342ecff8f648b466246...}\\nSession ID: dcc03fa0342ecff8f648b466246175a61799f5e9"`,
      level: 'ERROR',
      test_run_uuid: '46365236-2cb3-49f3-9df5-3463f8b157eb'
    }
  ]
} to 82314:0
2026-01-09T11:39:37.768Z CLI info [testhub:request-queue-handler]  [adarshsreeram_y1cpaK]  [0pkykft0o4s8aqjj6vyuages4iivio925p82fi9o]  [5261d815-7693-426d-b3b8-3c8ea5b31a47]  Added the event {
  event_type: 'LogCreated',
  logs: [
    {
      testFrameworkName: 'java-generic',
      testFrameworkVersion: '18.0.2.1',
      testFrameworkState: 'LOG',
      timestamp: '2026-01-09T11:39:37.763Z',
      uuid: '46365236-2cb3-49f3-9df5-3463f8b157eb',
      kind: 'TEST_LOG',
      message: `"org.openqa.selenium.TimeoutException: Expected condition failed: waiting for element to be clickable: By.cssSelector: h3 (tried for 10 second(s) with 500 milliseconds interval)\\nBuild info: version: '4.35.0', revision: '1c58e5028b'\\nSystem info: os.name: 'Mac OS X', os.arch: 'x86_64', os.version: '13.4', java.version: '18.0.2.1'\\nDriver info: org.openqa.selenium.chrome.ChromeDriver\\nCapabilities {acceptInsecureCerts: true, browserName: chrome, browserVersion: 120.0.6099.63, chrome: {chromedriverVersion: 120.0.6099.62 (93ab19d804d4..., userDataDir: C:\\\\Windows\\\\proxy\\\\scoped_dir...}, fedcm:accounts: true, goog:chromeOptions: {debuggerAddress: localhost:9222}, networkConnectionEnabled: false, optimalHubUrl: hub-aps.browserstack.com, pageLoadStrategy: normal, platformName: windows, proxy: Proxy(), setWindowRect: true, strictFileInteractability: false, timeouts: {implicit: 0, pageLoad: 300000, script: 30000}, unhandledPromptBehavior: dismiss and notify, webauthn:extension:credBlob: true, webauthn:extension:largeBlob: true, webauthn:extension:minPinLength: true, webauthn:extension:prf: true, webauthn:virtualAuthenticators: true, webdriver.remote.sessionid: dcc03fa0342ecff8f648b466246...}\\nSession ID: dcc03fa0342ecff8f648b466246175a61799f5e9"`,
      level: 'ERROR',
      test_run_uuid: '46365236-2cb3-49f3-9df5-3463f8b157eb'
    }
  ]
} to 82314:0
2026-01-09T11:39:37.789Z CLI info [testhub:request-queue-handler]  [adarshsreeram_y1cpaK]  [0pkykft0o4s8aqjj6vyuages4iivio925p82fi9o]  [5261d815-7693-426d-b3b8-3c8ea5b31a47]  Added the event {
  event_type: 'LogCreated',
  logs: [
    {
      testFrameworkName: 'java-generic',
      testFrameworkVersion: '18.0.2.1',
      testFrameworkState: 'LOG',
      timestamp: '2026-01-09T11:39:37.782Z',
      uuid: '46365236-2cb3-49f3-9df5-3463f8b157eb',
      kind: 'TEST_LOG',
      message: '"\\tat org.openqa.selenium.support.ui.WebDriverWait.timeoutException(WebDriverWait.java:84)"',
      level: 'ERROR',
      test_run_uuid: '46365236-2cb3-49f3-9df5-3463f8b157eb'
    }
  ]
} to 82314:0
2026-01-09T11:39:37.803Z CLI info [testhub:request-queue-handler]  [adarshsreeram_y1cpaK]  [0pkykft0o4s8aqjj6vyuages4iivio925p82fi9o]  [5261d815-7693-426d-b3b8-3c8ea5b31a47]  Added the event {
  event_type: 'LogCreated',
  logs: [
    {
      testFrameworkName: 'java-generic',
      testFrameworkVersion: '18.0.2.1',
      testFrameworkState: 'LOG',
      timestamp: '2026-01-09T11:39:37.798Z',
      uuid: '46365236-2cb3-49f3-9df5-3463f8b157eb',
      kind: 'TEST_LOG',
      message: '"\\tat org.openqa.selenium.support.ui.FluentWait.until(FluentWait.java:228)"',
      level: 'ERROR',
      test_run_uuid: '46365236-2cb3-49f3-9df5-3463f8b157eb'
    }
  ]
} to 82314:0
2026-01-09T11:39:37.811Z CLI info [testhub:request-queue-handler]  [adarshsreeram_y1cpaK]  [0pkykft0o4s8aqjj6vyuages4iivio925p82fi9o]  [5261d815-7693-426d-b3b8-3c8ea5b31a47]  Added the event {
  event_type: 'LogCreated',
  logs: [
    {
      testFrameworkName: 'java-generic',
      testFrameworkVersion: '18.0.2.1',
      testFrameworkState: 'LOG',
      timestamp: '2026-01-09T11:39:37.809Z',
      uuid: '46365236-2cb3-49f3-9df5-3463f8b157eb',
      kind: 'TEST_LOG',
      message: '"\\tat googleTest.main(googleTest.java:66)"',
      level: 'ERROR',
      test_run_uuid: '46365236-2cb3-49f3-9df5-3463f8b157eb'
    }
  ]
} to 82314:0
2026-01-09T11:39:38.807Z CLI info [testhub:request-queue-handler]  [adarshsreeram_y1cpaK]  [0pkykft0o4s8aqjj6vyuages4iivio925p82fi9o]  [5261d815-7693-426d-b3b8-3c8ea5b31a47]  Added the event {
  event_type: 'TestRunFinished',
  test_run: {
    type: 'test',
    framework: 'java-generic',
    uuid: '46365236-2cb3-49f3-9df5-3463f8b157eb',
    name: 'googleTest',
    body: {
      lang: 'java',
      code: 'public static void main(String[] args) {\n' +
        '\n' +
        '        TestClient testClient = new TestClient()\n' +
        '            .setTestName("googleTest")                          \n' +
        '            .setTestHierarchy(Arrays.asList("test", "java", "googleTest")) \n' +
        '            .setFilePath("src/test/java/googleTest.java");    \n' +
        '\n' +
        '        WebDriver driver = null;\n' +
        '\n' +
        '        try {\n' +
        '            System.out.println("Setting up ChromeDriver");\n' +
        '            WebDriverManager.chromedriver().setup();\n' +
        '            driver = new ChromeDriver();\n' +
        '\n' +
        '            testClient.start();\n' +
        '\n' +
        '            driver.manage().timeouts().implicitlyWait(Duration.ofSeconds(10));\n' +
        '            driver.manage().window().maximize();\n' +
        '\n' +
        '            WebDriverWait wait = new WebDriverWait(driver, Duration.ofSeconds(10));\n' +
        '\n' +
        '            System.out.println("Opening https://www.google.com/");\n' +
        '            driver.get("https://www.google.com/");\n' +
        '\n' +
        '            // Handle consent dialog if it appears\n' +
        '            try {\n' +
        '                System.out.println("Checking for consent dialog");\n' +
        '                WebDriverWait shortWait = new WebDriverWait(driver, Duration.ofSeconds(5));\n' +
        '                WebElement consentButton = shortWait.until(ExpectedConditions.presenceOfElementLocated(\n' +
        `                        By.cssSelector("button[id='L2AGLb'], button[aria-label*='Accept'], div[role='dialog'] button")\n` +
        '                ));\n' +
        '                if (consentButton.isDisplayed()) {\n' +
        '                    System.out.println("Accepting Google consent");\n' +
        '                    consentButton.click();\n' +
        '                }\n' +
        '            } catch (Exception ignored) {\n' +
        '                System.out.println("No consent dialog detected");\n' +
        '            }\n' +
        '\n' +
        `            System.out.println("Searching for 'Browserstack'");\n` +
        '            WebElement searchBox = wait.until(ExpectedConditions.visibilityOfElementLocated(By.name("q")));\n' +
        '            searchBox.sendKeys("Browserstack");\n' +
        '            searchBox.sendKeys(Keys.ENTER);\n' +
        '\n' +
        '            System.out.println("Waiting for search results");\n' +
        '            wait.until(ExpectedConditions.or(\n' +
        '                    ExpectedConditions.titleContains("Browserstack"),\n' +
        '                    ExpectedConditions.titleContains("BrowserStack")\n' +
        '            ));\n' +
        '\n' +
        '            System.out.println("Clicking the first search result");\n' +
        '            WebElement firstResult = wait.until(ExpectedConditions.elementToBeClickable(By.cssSelector("h3")));\n' +
        '            firstResult.click();\n' +
        '\n' +
        '            System.out.println("Verifying navigation to a BrowserStack page");\n' +
        '            wait.until(ExpectedConditions.or(\n' +
        '                    ExpectedConditions.urlContains("browserstack"),\n' +
        '                    ExpectedConditions.titleContains("BrowserStack")\n' +
        '            ));\n' +
        '\n' +
        '            testClient.Pass();\n' +
        '            System.out.println("Test passed");\n' +
        '        } catch (Exception e) {\n' +
        '            System.err.println("Test failed with error: " + e.getMessage());\n' +
        '            e.printStackTrace();\n' +
        '            testClient.Fail(e);\n' +
        '        } finally {\n' +
        '            if (driver != null) {\n' +
        '                System.out.println("Closing browser");\n' +
        '                driver.quit();\n' +
        '            }\n' +
        '        }\n' +
        '    }'
    },
    identifier: 'googleTest',
    scope: 'googleTest',
    scopes: [ 'test', 'java', 'googleTest' ],
    file_name: 'src/test/java/googleTest.java',
    vc_filepath: 'src/test/java/googleTest.java',
    location: 'src/test/java/googleTest.java',
    meta: {
      agent_version: 'java-generic-javaagent/1.50.0',
      cbt_session_linked: false,
      manual_integration: true,
      test_type: 'functional',
      test_framework: 'java-generic'
    },
    result: 'failed',
    duration_in_ms: 52081,
    started_at: '2026-01-09T11:38:45.741Z',
    finished_at: '2026-01-09T11:39:37.822Z',
    failure: [ [Object] ],
    failure_type: undefined,
    failure_reason: undefined,
    retry_of: null,
    custom_metadata: {},
    tags: [],
    customRerunParam: { rerun_name: 'java-test' },
    hooks: [],
    product_map: {
      observability: true,
      accessibility: false,
      percy: false,
      automate: true,
      app_automate: false,
      lts: false
    }
  },
  logs: []
} to 82314:0
2026-01-09T11:39:38.840Z CLI info [testhub:request-queue-handler]  [adarshsreeram_y1cpaK]  [0pkykft0o4s8aqjj6vyuages4iivio925p82fi9o]  [5261d815-7693-426d-b3b8-3c8ea5b31a47]  Added the event {
  event_type: 'LogCreated',
  logs: [
    {
      testFrameworkName: 'java-generic',
      testFrameworkVersion: '18.0.2.1',
      testFrameworkState: 'LOG',
      timestamp: '2026-01-09T11:39:38.833Z',
      uuid: '46365236-2cb3-49f3-9df5-3463f8b157eb',
      kind: 'TEST_LOG',
      message: '"Closing browser"',
      level: 'INFO',
      test_run_uuid: '46365236-2cb3-49f3-9df5-3463f8b157eb'
    }
  ]
} to 82314:0
2026-01-09T11:39:39.631Z CLI info [testhub:request-queue-handler]  [adarshsreeram_y1cpaK]  [0pkykft0o4s8aqjj6vyuages4iivio925p82fi9o]  [5261d815-7693-426d-b3b8-3c8ea5b31a47]  Processing batch event [
  { event_type: 'LogCreated', logs: [ [Object] ] },
  { event_type: 'LogCreated', logs: [ [Object] ] },
  { event_type: 'LogCreated', logs: [ [Object] ] },
  { event_type: 'LogCreated', logs: [ [Object] ] },
  { event_type: 'LogCreated', logs: [ [Object] ] },
  {
    event_type: 'TestRunFinished',
    test_run: {
      type: 'test',
      framework: 'java-generic',
      uuid: '46365236-2cb3-49f3-9df5-3463f8b157eb',
      name: 'googleTest',
      body: [Object],
      identifier: 'googleTest',
      scope: 'googleTest',
      scopes: [Array],
      file_name: 'src/test/java/googleTest.java',
      vc_filepath: 'src/test/java/googleTest.java',
      location: 'src/test/java/googleTest.java',
      meta: [Object],
      result: 'failed',
      duration_in_ms: 52081,
      started_at: '2026-01-09T11:38:45.741Z',
      finished_at: '2026-01-09T11:39:37.822Z',
      failure: [Array],
      failure_type: undefined,
      failure_reason: undefined,
      retry_of: null,
      custom_metadata: {},
      tags: [],
      customRerunParam: [Object],
      hooks: [],
      product_map: [Object]
    },
    logs: []
  },
  { event_type: 'LogCreated', logs: [ [Object] ] }
] to 82314:0
2026-01-09T11:39:39.633Z CLI info  [adarshsreeram_y1cpaK]  [0pkykft0o4s8aqjj6vyuages4iivio925p82fi9o]  [5261d815-7693-426d-b3b8-3c8ea5b31a47]  [PRODUCTION] Making POST request to https://collector-observability.browserstack.com
2026-01-09T11:39:41.496Z CLI info  [adarshsreeram_y1cpaK]  [0pkykft0o4s8aqjj6vyuages4iivio925p82fi9o]  [5261d815-7693-426d-b3b8-3c8ea5b31a47]  [PRODUCTION] Making PUT request to https://collector-observability.browserstack.com
2026-01-09T11:39:42.341Z CLI info [testhub:module]  [adarshsreeram_y1cpaK]  [0pkykft0o4s8aqjj6vyuages4iivio925p82fi9o]  [5261d815-7693-426d-b3b8-3c8ea5b31a47]  stopBuild: 0pkykft0o4s8aqjj6vyuages4iivio925p82fi9o request={"finished_at":"2026-01-09T11:39:41.495Z","finished_metadata":[],"custom_metadata":{}} response={"data":""}
2026-01-09T11:39:42.348Z CLI info  [adarshsreeram_y1cpaK]  [0pkykft0o4s8aqjj6vyuages4iivio925p82fi9o]  [5261d815-7693-426d-b3b8-3c8ea5b31a47]  [PRODUCTION] Making POST request to https://api.browserstack.com
2026-01-09T11:39:42.356Z CLI info [TEST REPORTING AND ANALYTICS:module]  [adarshsreeram_y1cpaK]  [0pkykft0o4s8aqjj6vyuages4iivio925p82fi9o]  [5261d815-7693-426d-b3b8-3c8ea5b31a47]  Visit https://automation.browserstack.com/builds/0pkykft0o4s8aqjj6vyuages4iivio925p82fi9o to view build report, insights, and many more debugging information all at one place!
2026-01-09T11:39:42.692Z CLI info  [adarshsreeram_y1cpaK]  [0pkykft0o4s8aqjj6vyuages4iivio925p82fi9o]  [5261d815-7693-426d-b3b8-3c8ea5b31a47]  [PRODUCTION] Making GET request to https://api.browserstack.com
2026-01-09T11:39:43.057Z CLI info  [adarshsreeram_y1cpaK]  [0pkykft0o4s8aqjj6vyuages4iivio925p82fi9o]  [5261d815-7693-426d-b3b8-3c8ea5b31a47]  [PRODUCTION] Making POST request to https://eds.browserstack.com
2026-01-09T11:39:44.241Z CLI info [main]  [adarshsreeram_y1cpaK]  [0pkykft0o4s8aqjj6vyuages4iivio925p82fi9o]  [5261d815-7693-426d-b3b8-3c8ea5b31a47]  Received graceful signal termination, performing cleanup
